complaint_id,citizen_name,phone_number,province,establishment_name,message,submission_date,category
DEMO-CMP-0001,Demo Citizen 0001,+961 00 000001,Mount Lebanon,Demo Restaurant 001,The business appears to have no permit for the activity being offered at this location. This is a synthetic demo record created for the public portfolio dataset. Case reference DEMO-0001.,2025-10-31,licensing
DEMO-CMP-0002,Demo Citizen 0002,+961 00 000002,South Lebanon,Demo Toys Children 005,I paid for one kilogram of goods but my home scale showed a short weight. The receipt lists the full kilogram price. Synthetic demo case for testing the complaint-triage prototype. Case reference DEMO-0002.,2026-03-12,price_fraud
DEMO-CMP-0003,Demo Citizen 0003,+961 00 000003,Beirut,Demo Restaurant 008,"The preparation counter had grease, old food residue, and insects. Staff refused to clean it after customers complained. Synthetic demo case for testing the complaint-triage prototype. Case reference DEMO-0003.",2026-02-27,hygiene
DEMO-CMP-0004,Demo Citizen 0004,+961 00 000004,Mount Lebanon,Demo Restaurant 019,My order was incomplete and staff refused to help when I reported the missing item. Synthetic demo case for testing the complaint-triage prototype. Case reference DEMO-0004.,2025-03-18,service_quality
DEMO-CMP-0005,Demo Citizen 0005,+961 00 000005,Beirut,Demo Sweets Bakery 010,"The preparation counter had grease, old food residue, and insects. Staff refused to clean it after customers complained. This is a synthetic demo record created for the public portfolio dataset. Case reference DEMO-0005.",2026-02-19,hygiene
DEMO-CMP-0006,Demo Citizen 0006,+961 00 000006,Bekaa,Demo Supermarket 124,"The restroom and dining area were dirty, with overflowing waste and a strong bad smell. Staff ignored my complaint. This record is fictional and included only for software demonstration. Case reference DEMO-0006.",2025-12-06,hygiene
DEMO-CMP-0007,Demo Citizen 0007,+961 00 000007,Beirut,Demo Supermarket 014,I booked a service appointment but no one was available at the scheduled time and the staff ignored my complaint. This is a synthetic demo record created for the public portfolio dataset. Case reference DEMO-0007.,2025-04-25,service_quality
DEMO-CMP-0008,Demo Citizen 0008,+961 00 000008,Beirut,Demo Pharmacy 017,The delivery arrived much later than promised and customer service would not cooperate when I asked for an update. Synthetic demo case for testing the complaint-triage prototype. Case reference DEMO-0008.,2026-01-10,service_quality
DEMO-CMP-0009,Demo Citizen 0009,+961 00 000009,Beirut,Demo Supermarket 018,The cooked chicken I received was pink chicken in the center and seemed unsafe. I took photos and asked the staff for help. This is a synthetic demo record created for the public portfolio dataset. Case reference DEMO-0009.,2025-05-12,food_safety
DEMO-CMP-0010,Demo Citizen 0010,+961 00 000010,North Lebanon,Demo Restaurant 055,The staff provided conflicting information and ignored repeated requests to speak with a supervisor. Synthetic demo case for testing the complaint-triage prototype. Case reference DEMO-0010.,2026-05-05,service_quality
DEMO-CMP-0011,Demo Citizen 0011,+961 00 000011,Bekaa,Demo Swimming Pool Water Park 027,The establishment displayed no required certificate and staff refused to show any licensing documents. This is a synthetic demo record created for the public portfolio dataset. Case reference DEMO-0011.,2025-10-06,licensing
DEMO-CMP-0012,Demo Citizen 0012,+961 00 000012,Mount Lebanon,Demo Beach Resort 061,The staff provided conflicting information and ignored repeated requests to speak with a supervisor. This record is fictional and included only for software demonstration. Case reference DEMO-0012.,2026-03-04,service_quality
DEMO-CMP-0013,Demo Citizen 0013,+961 00 000013,Bekaa,Demo Supermarket 124,The establishment displayed no required certificate and staff refused to show any licensing documents. This record is fictional and included only for software demonstration. Case reference DEMO-0013.,2025-06-11,licensing
DEMO-CMP-0014,Demo Citizen 0014,+961 00 000014,North Lebanon,Demo Pharmacy 084,I saw cockroaches near the counter and the floor was filthy. Food was displayed uncovered beside the affected area. This record is fictional and included only for software demonstration. Case reference DEMO-0014.,2025-08-22,hygiene
DEMO-CMP-0015,Demo Citizen 0015,+961 00 000015,Beirut,Demo Clothing Fashion 035,I found broken glass inside the outer packaging of a food product before serving it to my children. I took photos immediately. Synthetic demo case for testing the complaint-triage prototype. Case reference DEMO-0015.,2025-05-03,food_safety
DEMO-CMP-0016,Demo Citizen 0016,+961 00 000016,Bekaa,Demo Catering Delivery 020,Employees handled raw meat and ready-to-eat food using the same tools. The preparation surface was visibly dirty. This record is fictional and included only for software demonstration. Case reference DEMO-0016.,2025-03-30,hygiene
DEMO-CMP-0017,Demo Citizen 0017,+961 00 000017,Mount Lebanon,Demo Petrol Station 075,A product was marketed with a misleading promotion and the final price was much higher than advertised. Synthetic demo case for testing the complaint-triage prototype. Case reference DEMO-0017.,2026-01-07,price_fraud
DEMO-CMP-0018,Demo Citizen 0018,+961 00 000018,Beirut,Demo Restaurant 050,I observed rats near stored food boxes behind the service area. I took a photo and told the manager. Synthetic demo case for testing the complaint-triage prototype. Case reference DEMO-0018.,2026-02-24,hygiene
DEMO-CMP-0019,Demo Citizen 0019,+961 00 000019,Bekaa,Demo Pharmacy 066,I found mold and a rotten smell in a bakery product I purchased. The manager refused a refund even after I showed the receipt. Synthetic demo case for testing the complaint-triage prototype. Case reference DEMO-0019.,2025-03-04,food_safety
DEMO-CMP-0020,Demo Citizen 0020,+961 00 000020,Mount Lebanon,Demo Beach Resort 081,A product was marketed with a misleading promotion and the final price was much higher than advertised. This is a synthetic demo record created for the public portfolio dataset. Case reference DEMO-0020.,2025-09-20,price_fraud
DEMO-CMP-0021,Demo Citizen 0021,+961 00 000021,Mount Lebanon,Demo Pharmacy 082,The vendor appears unlicensed and is operating from a temporary stand without a permit. Synthetic demo case for testing the complaint-triage prototype. Case reference DEMO-0021.,2025-07-08,licensing
DEMO-CMP-0022,Demo Citizen 0022,+961 00 000022,Mount Lebanon,Demo Supermarket 087,I paid for one kilogram of goods but my home scale showed a short weight. The receipt lists the full kilogram price. This record is fictional and included only for software demonstration. Case reference DEMO-0022.,2026-03-31,price_fraud
DEMO-CMP-0023,Demo Citizen 0023,+961 00 000023,Beirut,Demo Sweets Bakery 063,I found broken glass inside the outer packaging of a food product before serving it to my children. I took photos immediately. Synthetic demo case for testing the complaint-triage prototype. Case reference DEMO-0023.,2025-01-31,food_safety
DEMO-CMP-0024,Demo Citizen 0024,+961 00 000024,Mount Lebanon,Demo Restaurant 096,I booked a service appointment but no one was available at the scheduled time and the staff ignored my complaint. This is a synthetic demo record created for the public portfolio dataset. Case reference DEMO-0024.,2025-06-21,service_quality
DEMO-CMP-0025,Demo Citizen 0025,+961 00 000025,South Lebanon,Demo Supermarket 135,I saw cockroaches near the counter and the floor was filthy. Food was displayed uncovered beside the affected area. Synthetic demo case for testing the complaint-triage prototype. Case reference DEMO-0025.,2026-04-12,hygiene
DEMO-CMP-0026,Demo Citizen 0026,+961 00 000026,Bekaa,Demo Pharmacy 066,The item was advertised at a discount but the final bill included the full price and a hidden fee. This is a synthetic demo record created for the public portfolio dataset. Case reference DEMO-0026.,2026-06-05,price_fraud
DEMO-CMP-0027,Demo Citizen 0027,+961 00 000027,South Lebanon,Demo Restaurant 002,I waited a long time for assistance and staff repeatedly ignored my request even though the store was not busy. This record is fictional and included only for software demonstration. Case reference DEMO-0027.,2025-05-09,service_quality
DEMO-CMP-0028,Demo Citizen 0028,+961 00 000028,Mount Lebanon,Demo Beach Resort 111,I waited a long time for assistance and staff repeatedly ignored my request even though the store was not busy. Synthetic demo case for testing the complaint-triage prototype. Case reference DEMO-0028.,2025-05-18,service_quality
DEMO-CMP-0029,Demo Citizen 0029,+961 00 000029,South Lebanon,Demo Hotel Resort 015,The operator refused to show a license or certificate and told me the documents were not available. Synthetic demo case for testing the complaint-triage prototype. Case reference DEMO-0029.,2025-11-17,licensing
DEMO-CMP-0030,Demo Citizen 0030,+961 00 000030,North Lebanon,Demo Butchery 051,The package weight printed on the label did not match the actual amount. I have photos and the receipt. This record is fictional and included only for software demonstration. Case reference DEMO-0030.,2025-12-16,price_fraud
DEMO-CMP-0031,Demo Citizen 0031,+961 00 000031,Beirut,Demo Restaurant 086,There is no visible health permit and employees could not confirm that the establishment is licensed. Synthetic demo case for testing the complaint-triage prototype. Case reference DEMO-0031.,2025-06-16,licensing
DEMO-CMP-0032,Demo Citizen 0032,+961 00 000032,Mount Lebanon,Demo Street Food Vendor 137,I received the wrong item and the employee became aggressive when I politely requested an exchange. This is a synthetic demo record created for the public portfolio dataset. Case reference DEMO-0032.,2025-04-28,service_quality
DEMO-CMP-0033,Demo Citizen 0033,+961 00 000033,Beirut,Demo Pharmacy 091,There is no visible health permit and employees could not confirm that the establishment is licensed. This record is fictional and included only for software demonstration. Case reference DEMO-0033.,2026-02-08,licensing
DEMO-CMP-0034,Demo Citizen 0034,+961 00 000034,North Lebanon,Demo Swimming Pool Water Park 071,The business appears to be operating without a license. Staff could not show a permit when I asked. This is a synthetic demo record created for the public portfolio dataset. Case reference DEMO-0034.,2025-06-28,licensing
DEMO-CMP-0035,Demo Citizen 0035,+961 00 000035,Mount Lebanon,Demo Catering Delivery 006,"The preparation counter had grease, old food residue, and insects. Staff refused to clean it after customers complained. This is a synthetic demo record created for the public portfolio dataset. Case reference DEMO-0035.",2025-11-19,hygiene
DEMO-CMP-0036,Demo Citizen 0036,+961 00 000036,South Lebanon,Demo Street Food Vendor 048,The establishment cancelled my reservation without informing me and then refused to help with a new time. This record is fictional and included only for software demonstration. Case reference DEMO-0036.,2026-07-20,service_quality
DEMO-CMP-0037,Demo Citizen 0037,+961 00 000037,North Lebanon,Demo Supermarket 090,I paid for one kilogram of goods but my home scale showed a short weight. The receipt lists the full kilogram price. This is a synthetic demo record created for the public portfolio dataset. Case reference DEMO-0037.,2025-04-02,price_fraud
DEMO-CMP-0038,Demo Citizen 0038,+961 00 000038,South Lebanon,Demo Restaurant 057,I paid for one kilogram of goods but my home scale showed a short weight. The receipt lists the full kilogram price. This record is fictional and included only for software demonstration. Case reference DEMO-0038.,2026-02-19,price_fraud
DEMO-CMP-0039,Demo Citizen 0039,+961 00 000039,North Lebanon,Demo Catering Delivery 095,A ready-to-eat meal appeared contaminated and caused nausea later that evening. I kept the leftover container as evidence. Synthetic demo case for testing the complaint-triage prototype. Case reference DEMO-0039.,2026-04-08,food_safety
DEMO-CMP-0040,Demo Citizen 0040,+961 00 000040,Mount Lebanon,Demo Beach Resort 034,"The preparation counter had grease, old food residue, and insects. Staff refused to clean it after customers complained. This is a synthetic demo record created for the public portfolio dataset. Case reference DEMO-0040.",2025-07-07,hygiene
DEMO-CMP-0041,Demo Citizen 0041,+961 00 000041,Beirut,Demo Supermarket 112,The service included an unexpected hidden fee that was not shown before payment. I asked for an invoice and was refused. This record is fictional and included only for software demonstration. Case reference DEMO-0041.,2025-07-15,price_fraud
DEMO-CMP-0042,Demo Citizen 0042,+961 00 000042,South Lebanon,Demo Swimming Pool Water Park 092,I booked a service appointment but no one was available at the scheduled time and the staff ignored my complaint. Synthetic demo case for testing the complaint-triage prototype. Case reference DEMO-0042.,2025-10-14,service_quality
DEMO-CMP-0043,Demo Citizen 0043,+961 00 000043,Bekaa,Demo Butchery 012,A ready-to-eat meal appeared contaminated and caused nausea later that evening. I kept the leftover container as evidence. This is a synthetic demo record created for the public portfolio dataset. Case reference DEMO-0043.,2025-10-20,food_safety
DEMO-CMP-0044,Demo Citizen 0044,+961 00 000044,Beirut,Demo Pharmacy 116,"After eating a prepared chicken meal, I developed vomiting and stomach cramps. My family had similar symptoms and a doctor said it could be food poisoning. Synthetic demo case for testing the complaint-triage prototype. Case reference DEMO-0044.",2025-10-26,food_safety
DEMO-CMP-0045,Demo Citizen 0045,+961 00 000045,Mount Lebanon,Demo Butchery 064,The employee was dismissive when I asked for help with a return and refused to explain the store policy. Synthetic demo case for testing the complaint-triage prototype. Case reference DEMO-0045.,2025-01-08,service_quality
DEMO-CMP-0046,Demo Citizen 0046,+961 00 000046,Mount Lebanon,Demo Hotel Resort 065,The cashier would not provide a receipt after charging a higher price than the label displayed. Synthetic demo case for testing the complaint-triage prototype. Case reference DEMO-0046.,2026-02-27,price_fraud
DEMO-CMP-0047,Demo Citizen 0047,+961 00 000047,South Lebanon,Demo Beach Resort 109,I noticed a strong sewage smell and dirty standing water close to the food service area. Synthetic demo case for testing the complaint-triage prototype. Case reference DEMO-0047.,2025-01-28,hygiene
DEMO-CMP-0048,Demo Citizen 0048,+961 00 000048,Beirut,Demo Restaurant 121,The delivery arrived much later than promised and customer service would not cooperate when I asked for an update. Synthetic demo case for testing the complaint-triage prototype. Case reference DEMO-0048.,2025-03-07,service_quality
DEMO-CMP-0049,Demo Citizen 0049,+961 00 000049,Bekaa,Demo Restaurant 141,I booked a service appointment but no one was available at the scheduled time and the staff ignored my complaint. This is a synthetic demo record created for the public portfolio dataset. Case reference DEMO-0049.,2026-05-06,service_quality
DEMO-CMP-0050,Demo Citizen 0050,+961 00 000050,South Lebanon,Demo Hotel Resort 132,A ready-to-eat meal appeared contaminated and caused nausea later that evening. I kept the leftover container as evidence. This is a synthetic demo record created for the public portfolio dataset. Case reference DEMO-0050.,2026-04-24,food_safety
DEMO-CMP-0051,Demo Citizen 0051,+961 00 000051,Mount Lebanon,Demo Hotel Resort 080,I was told the business is operating illegally while its permit renewal is still unresolved. Synthetic demo case for testing the complaint-triage prototype. Case reference DEMO-0051.,2025-06-18,licensing
DEMO-CMP-0052,Demo Citizen 0052,+961 00 000052,Mount Lebanon,Demo Beach Resort 081,The establishment cancelled my reservation without informing me and then refused to help with a new time. This record is fictional and included only for software demonstration. Case reference DEMO-0052.,2026-02-13,service_quality
DEMO-CMP-0053,Demo Citizen 0053,+961 00 000053,Beirut,Demo Pharmacy 131,A refrigerated product was still on the shelf past its expiry date. The package was bloated and had a bad smell when opened. This record is fictional and included only for software demonstration. Case reference DEMO-0053.,2025-11-08,food_safety
DEMO-CMP-0054,Demo Citizen 0054,+961 00 000054,South Lebanon,Demo Toys Children 005,The business appears to be operating without a license. Staff could not show a permit when I asked. Synthetic demo case for testing the complaint-triage prototype. Case reference DEMO-0054.,2025-09-05,licensing
DEMO-CMP-0055,Demo Citizen 0055,+961 00 000055,Bekaa,Demo Supermarket 124,The cooked chicken I received was pink chicken in the center and seemed unsafe. I took photos and asked the staff for help. Synthetic demo case for testing the complaint-triage prototype. Case reference DEMO-0055.,2025-06-19,food_safety
DEMO-CMP-0056,Demo Citizen 0056,+961 00 000056,Beirut,Demo Sweets Bakery 007,The shelf showed one price but I was charged a higher price at checkout. I kept the receipt showing the price mismatch. This record is fictional and included only for software demonstration. Case reference DEMO-0056.,2025-10-07,price_fraud
DEMO-CMP-0057,Demo Citizen 0057,+961 00 000057,Beirut,Demo Restaurant 008,A ready-to-eat meal appeared contaminated and caused nausea later that evening. I kept the leftover container as evidence. This is a synthetic demo record created for the public portfolio dataset. Case reference DEMO-0057.,2026-05-23,food_safety
DEMO-CMP-0058,Demo Citizen 0058,+961 00 000058,Beirut,Demo Supermarket 009,A ready-to-eat meal appeared contaminated and caused nausea later that evening. I kept the leftover container as evidence. This is a synthetic demo record created for the public portfolio dataset. Case reference DEMO-0058.,2025-06-16,food_safety
DEMO-CMP-0059,Demo Citizen 0059,+961 00 000059,Beirut,Demo Sweets Bakery 010,"The restroom and dining area were dirty, with overflowing waste and a strong bad smell. Staff ignored my complaint. This record is fictional and included only for software demonstration. Case reference DEMO-0059.",2025-03-23,hygiene
DEMO-CMP-0060,Demo Citizen 0060,+961 00 000060,South Lebanon,Demo Catering Delivery 042,I waited a long time for assistance and staff repeatedly ignored my request even though the store was not busy. This record is fictional and included only for software demonstration. Case reference DEMO-0060.,2025-10-12,service_quality
DEMO-CMP-0061,Demo Citizen 0061,+961 00 000061,Beirut,Demo Supermarket 014,The business appears to have no permit for the activity being offered at this location. This is a synthetic demo record created for the public portfolio dataset. Case reference DEMO-0061.,2025-02-10,licensing
DEMO-CMP-0062,Demo Citizen 0062,+961 00 000062,South Lebanon,Demo Street Food Vendor 048,A refrigerated product was still on the shelf past its expiry date. The package was bloated and had a bad smell when opened. This is a synthetic demo record created for the public portfolio dataset. Case reference DEMO-0062.,2026-02-01,food_safety
DEMO-CMP-0063,Demo Citizen 0063,+961 00 000063,Beirut,Demo Supermarket 018,The meat I purchased had a chemical smell and looked unsafe. The establishment dismissed my concern and would not cooperate. Synthetic demo case for testing the complaint-triage prototype. Case reference DEMO-0063.,2026-03-19,food_safety
DEMO-CMP-0064,Demo Citizen 0064,+961 00 000064,Mount Lebanon,Demo Street Food Vendor 137,I believe the product was counterfeit because the packaging and label did not match the item advertised. I kept the receipt. Synthetic demo case for testing the complaint-triage prototype. Case reference DEMO-0064.,2026-05-17,price_fraud
DEMO-CMP-0065,Demo Citizen 0065,+961 00 000065,South Lebanon,Demo Supermarket 062,The employee was dismissive when I asked for help with a return and refused to explain the store policy. This is a synthetic demo record created for the public portfolio dataset. Case reference DEMO-0065.,2025-03-11,service_quality
DEMO-CMP-0066,Demo Citizen 0066,+961 00 000066,South Lebanon,Demo Sweets Bakery 074,"After eating a prepared chicken meal, I developed vomiting and stomach cramps. My family had similar symptoms and a doctor said it could be food poisoning. This record is fictional and included only for software demonstration. Case reference DEMO-0066.",2025-07-05,food_safety
DEMO-CMP-0067,Demo Citizen 0067,+961 00 000067,South Lebanon,Demo Pharmacy 077,The service is being offered without a license and there is no visible permit or registration information. Synthetic demo case for testing the complaint-triage prototype. Case reference DEMO-0067.,2025-12-20,licensing
DEMO-CMP-0068,Demo Citizen 0068,+961 00 000068,Beirut,Demo Supermarket 033,The establishment cancelled my reservation without informing me and then refused to help with a new time. This record is fictional and included only for software demonstration. Case reference DEMO-0068.,2026-01-29,service_quality
DEMO-CMP-0069,Demo Citizen 0069,+961 00 000069,Bekaa,Demo Supermarket 124,The delivery arrived much later than promised and customer service would not cooperate when I asked for an update. This is a synthetic demo record created for the public portfolio dataset. Case reference DEMO-0069.,2025-09-24,service_quality
DEMO-CMP-0070,Demo Citizen 0070,+961 00 000070,Mount Lebanon,Demo Street Food Vendor 029,A refrigerated product was still on the shelf past its expiry date. The package was bloated and had a bad smell when opened. This is a synthetic demo record created for the public portfolio dataset. Case reference DEMO-0070.,2025-02-18,food_safety
DEMO-CMP-0071,Demo Citizen 0071,+961 00 000071,South Lebanon,Demo Beach Resort 107,"The preparation counter had grease, old food residue, and insects. Staff refused to clean it after customers complained. This is a synthetic demo record created for the public portfolio dataset. Case reference DEMO-0071.",2026-06-28,hygiene
DEMO-CMP-0072,Demo Citizen 0072,+961 00 000072,Beirut,Demo Restaurant 050,I was charged twice for the same item on the invoice. Staff ignored the error when I asked for a correction. This is a synthetic demo record created for the public portfolio dataset. Case reference DEMO-0072.,2025-09-16,price_fraud
DEMO-CMP-0073,Demo Citizen 0073,+961 00 000073,North Lebanon,Demo Catering Delivery 049,I was charged twice for the same item on the invoice. Staff ignored the error when I asked for a correction. This is a synthetic demo record created for the public portfolio dataset. Case reference DEMO-0073.,2026-01-07,price_fraud
DEMO-CMP-0074,Demo Citizen 0074,+961 00 000074,Mount Lebanon,Demo Street Food Vendor 041,A product was marketed with a misleading promotion and the final price was much higher than advertised. This is a synthetic demo record created for the public portfolio dataset. Case reference DEMO-0074.,2025-05-16,price_fraud
DEMO-CMP-0075,Demo Citizen 0075,+961 00 000075,North Lebanon,Demo Supermarket 054,The delivery arrived much later than promised and customer service would not cooperate when I asked for an update. This is a synthetic demo record created for the public portfolio dataset. Case reference DEMO-0075.,2025-04-14,service_quality
DEMO-CMP-0076,Demo Citizen 0076,+961 00 000076,Bekaa,Demo Supermarket 124,I was told the business is operating illegally while its permit renewal is still unresolved. Synthetic demo case for testing the complaint-triage prototype. Case reference DEMO-0076.,2026-01-11,licensing
DEMO-CMP-0077,Demo Citizen 0077,+961 00 000077,Mount Lebanon,Demo Butchery 064,I asked a basic question about the service and the employee laughed and dismissed my concern. This is a synthetic demo record created for the public portfolio dataset. Case reference DEMO-0077.,2025-10-30,service_quality
DEMO-CMP-0078,Demo Citizen 0078,+961 00 000078,North Lebanon,Demo Swimming Pool Water Park 071,I observed rats near stored food boxes behind the service area. I took a photo and told the manager. This is a synthetic demo record created for the public portfolio dataset. Case reference DEMO-0078.,2026-04-27,hygiene
DEMO-CMP-0079,Demo Citizen 0079,+961 00 000079,South Lebanon,Demo Restaurant 002,I found broken glass inside the outer packaging of a food product before serving it to my children. I took photos immediately. This record is fictional and included only for software demonstration. Case reference DEMO-0079.,2025-11-23,food_safety
DEMO-CMP-0080,Demo Citizen 0080,+961 00 000080,North Lebanon,Demo Pharmacy 084,"I asked for the required operating certificate, but the manager said it was missing and dismissed my concern. This record is fictional and included only for software demonstration. Case reference DEMO-0080.",2025-04-08,licensing
DEMO-CMP-0081,Demo Citizen 0081,+961 00 000081,Mount Lebanon,Demo Petrol Station 075,A refrigerated product was still on the shelf past its expiry date. The package was bloated and had a bad smell when opened. This is a synthetic demo record created for the public portfolio dataset. Case reference DEMO-0081.,2025-09-01,food_safety
DEMO-CMP-0082,Demo Citizen 0082,+961 00 000082,Mount Lebanon,Demo Supermarket 076,I was charged twice for the same item on the invoice. Staff ignored the error when I asked for a correction. Synthetic demo case for testing the complaint-triage prototype. Case reference DEMO-0082.,2025-05-15,price_fraud
DEMO-CMP-0083,Demo Citizen 0083,+961 00 000083,Mount Lebanon,Demo Hotel Resort 080,I saw cockroaches near the counter and the floor was filthy. Food was displayed uncovered beside the affected area. This record is fictional and included only for software demonstration. Case reference DEMO-0083.,2025-09-23,hygiene
DEMO-CMP-0084,Demo Citizen 0084,+961 00 000084,Bekaa,Demo Restaurant 141,There is no visible health permit and employees could not confirm that the establishment is licensed. This is a synthetic demo record created for the public portfolio dataset. Case reference DEMO-0084.,2025-12-31,licensing
DEMO-CMP-0085,Demo Citizen 0085,+961 00 000085,Mount Lebanon,Demo Pharmacy 082,The establishment displayed no required certificate and staff refused to show any licensing documents. This is a synthetic demo record created for the public portfolio dataset. Case reference DEMO-0085.,2025-06-17,licensing
DEMO-CMP-0086,Demo Citizen 0086,+961 00 000086,Beirut,Demo Supermarket 089,The cashier would not provide a receipt after charging a higher price than the label displayed. Synthetic demo case for testing the complaint-triage prototype. Case reference DEMO-0086.,2026-05-08,price_fraud
DEMO-CMP-0087,Demo Citizen 0087,+961 00 000087,Mount Lebanon,Demo Restaurant 088,The business appears to have no permit for the activity being offered at this location. Synthetic demo case for testing the complaint-triage prototype. Case reference DEMO-0087.,2026-03-08,licensing
DEMO-CMP-0088,Demo Citizen 0088,+961 00 000088,North Lebanon,Demo Catering Delivery 140,The cashier would not provide a receipt after charging a higher price than the label displayed. This is a synthetic demo record created for the public portfolio dataset. Case reference DEMO-0088.,2026-01-15,price_fraud
DEMO-CMP-0089,Demo Citizen 0089,+961 00 000089,Beirut,Demo Catering Delivery 097,I purchased frozen food that was partly warm and the store refrigerator appeared to have no refrigeration. The product smelled spoiled. This is a synthetic demo record created for the public portfolio dataset. Case reference DEMO-0089.,2025-04-03,food_safety
DEMO-CMP-0090,Demo Citizen 0090,+961 00 000090,North Lebanon,Demo Butchery 023,I asked to see the health permit and was told there was no certificate available at the location. This record is fictional and included only for software demonstration. Case reference DEMO-0090.,2025-12-09,licensing
DEMO-CMP-0091,Demo Citizen 0091,+961 00 000091,Beirut,Demo Restaurant 100,"After eating a prepared chicken meal, I developed vomiting and stomach cramps. My family had similar symptoms and a doctor said it could be food poisoning. Synthetic demo case for testing the complaint-triage prototype. Case reference DEMO-0091.",2026-03-20,food_safety
DEMO-CMP-0092,Demo Citizen 0092,+961 00 000092,North Lebanon,Demo Supermarket 037,There is no visible health permit and employees could not confirm that the establishment is licensed. This is a synthetic demo record created for the public portfolio dataset. Case reference DEMO-0092.,2025-07-18,licensing
DEMO-CMP-0093,Demo Citizen 0093,+961 00 000093,North Lebanon,Demo Restaurant 038,The business appears to be operating without a license. Staff could not show a permit when I asked. Synthetic demo case for testing the complaint-triage prototype. Case reference DEMO-0093.,2025-07-22,licensing
DEMO-CMP-0094,Demo Citizen 0094,+961 00 000094,North Lebanon,Demo Petrol Station 047,The service counter closed early without notice and staff refused to help customers who were already waiting. This record is fictional and included only for software demonstration. Case reference DEMO-0094.,2025-12-02,service_quality
DEMO-CMP-0095,Demo Citizen 0095,+961 00 000095,Beirut,Demo Supermarket 112,My order was incomplete and staff refused to help when I reported the missing item. This is a synthetic demo record created for the public portfolio dataset. Case reference DEMO-0095.,2025-03-04,service_quality
DEMO-CMP-0096,Demo Citizen 0096,+961 00 000096,Beirut,Demo Clothing Fashion 113,The employee was dismissive when I asked for help with a return and refused to explain the store policy. Synthetic demo case for testing the complaint-triage prototype. Case reference DEMO-0096.,2026-02-23,service_quality
DEMO-CMP-0097,Demo Citizen 0097,+961 00 000097,Beirut,Demo Supermarket 115,I found broken glass inside the outer packaging of a food product before serving it to my children. I took photos immediately. This is a synthetic demo record created for the public portfolio dataset. Case reference DEMO-0097.,2026-06-04,food_safety
DEMO-CMP-0098,Demo Citizen 0098,+961 00 000098,North Lebanon,Demo Restaurant 055,"The restroom and dining area were dirty, with overflowing waste and a strong bad smell. Staff ignored my complaint. This is a synthetic demo record created for the public portfolio dataset. Case reference DEMO-0098.",2025-09-05,hygiene
DEMO-CMP-0099,Demo Citizen 0099,+961 00 000099,Beirut,Demo Catering Delivery 117,A refrigerated product was still on the shelf past its expiry date. The package was bloated and had a bad smell when opened. Synthetic demo case for testing the complaint-triage prototype. Case reference DEMO-0099.,2026-03-10,food_safety
DEMO-CMP-0100,Demo Citizen 0100,+961 00 000100,South Lebanon,Demo Swimming Pool Water Park 126,A ready-to-eat meal appeared contaminated and caused nausea later that evening. I kept the leftover container as evidence. Synthetic demo case for testing the complaint-triage prototype. Case reference DEMO-0100.,2025-06-05,food_safety
DEMO-CMP-0101,Demo Citizen 0101,+961 00 000101,Bekaa,Demo Pharmacy 026,The item was advertised at a discount but the final bill included the full price and a hidden fee. Synthetic demo case for testing the complaint-triage prototype. Case reference DEMO-0101.,2025-08-20,price_fraud
DEMO-CMP-0102,Demo Citizen 0102,+961 00 000102,Mount Lebanon,Demo Street Food Vendor 029,The staff provided conflicting information and ignored repeated requests to speak with a supervisor. This is a synthetic demo record created for the public portfolio dataset. Case reference DEMO-0102.,2025-08-12,service_quality
DEMO-CMP-0103,Demo Citizen 0103,+961 00 000103,South Lebanon,Demo Supermarket 135,A ready-to-eat meal appeared contaminated and caused nausea later that evening. I kept the leftover container as evidence. This record is fictional and included only for software demonstration. Case reference DEMO-0103.,2026-02-28,food_safety
DEMO-CMP-0104,Demo Citizen 0104,+961 00 000104,Bekaa,Demo Supermarket 124,A product was marketed with a misleading promotion and the final price was much higher than advertised. This record is fictional and included only for software demonstration. Case reference DEMO-0104.,2026-06-19,price_fraud
DEMO-CMP-0105,Demo Citizen 0105,+961 00 000105,Bekaa,Demo Restaurant 141,I was charged twice for the same item on the invoice. Staff ignored the error when I asked for a correction. This record is fictional and included only for software demonstration. Case reference DEMO-0105.,2025-02-11,price_fraud
DEMO-CMP-0106,Demo Citizen 0106,+961 00 000106,Beirut,Demo Petrol Station 129,Several people at our table became sick with diarrhea after eating the same dish. We visited a clinic and kept the receipt. This record is fictional and included only for software demonstration. Case reference DEMO-0106.,2025-01-06,food_safety
DEMO-CMP-0107,Demo Citizen 0107,+961 00 000107,North Lebanon,Demo Swimming Pool Water Park 133,I found broken glass inside the outer packaging of a food product before serving it to my children. I took photos immediately. Synthetic demo case for testing the complaint-triage prototype. Case reference DEMO-0107.,2025-07-10,food_safety
DEMO-CMP-0108,Demo Citizen 0108,+961 00 000108,Bekaa,Demo Pharmacy 026,The meat I purchased had a chemical smell and looked unsafe. The establishment dismissed my concern and would not cooperate. Synthetic demo case for testing the complaint-triage prototype. Case reference DEMO-0108.,2026-03-10,food_safety
DEMO-CMP-0109,Demo Citizen 0109,+961 00 000109,North Lebanon,Demo Butchery 138,I believe the product was counterfeit because the packaging and label did not match the item advertised. I kept the receipt. Synthetic demo case for testing the complaint-triage prototype. Case reference DEMO-0109.,2025-08-13,price_fraud
DEMO-CMP-0110,Demo Citizen 0110,+961 00 000110,Mount Lebanon,Demo Hotel Resort 065,My order was incomplete and staff refused to help when I reported the missing item. Synthetic demo case for testing the complaint-triage prototype. Case reference DEMO-0110.,2026-02-09,service_quality
DEMO-CMP-0111,Demo Citizen 0111,+961 00 000111,South Lebanon,Demo Swimming Pool Water Park 039,I was charged twice for the same item on the invoice. Staff ignored the error when I asked for a correction. This is a synthetic demo record created for the public portfolio dataset. Case reference DEMO-0111.,2025-11-11,price_fraud
DEMO-CMP-0112,Demo Citizen 0112,+961 00 000112,Mount Lebanon,Demo Swimming Pool Water Park 068,The vendor appears unlicensed and is operating from a temporary stand without a permit. This record is fictional and included only for software demonstration. Case reference DEMO-0112.,2025-05-27,licensing
DEMO-CMP-0113,Demo Citizen 0113,+961 00 000113,North Lebanon,Demo Supermarket 032,I was charged twice for the same item on the invoice. Staff ignored the error when I asked for a correction. Synthetic demo case for testing the complaint-triage prototype. Case reference DEMO-0113.,2026-03-05,price_fraud
DEMO-CMP-0114,Demo Citizen 0114,+961 00 000114,Beirut,Demo Supermarket 013,I paid for one kilogram of goods but my home scale showed a short weight. The receipt lists the full kilogram price. This is a synthetic demo record created for the public portfolio dataset. Case reference DEMO-0114.,2026-07-22,price_fraud
DEMO-CMP-0115,Demo Citizen 0115,+961 00 000115,Mount Lebanon,Demo Hotel Resort 080,I noticed a strong sewage smell and dirty standing water close to the food service area. This record is fictional and included only for software demonstration. Case reference DEMO-0115.,2025-02-26,hygiene
DEMO-CMP-0116,Demo Citizen 0116,+961 00 000116,Beirut,Demo Pharmacy 017,The package weight printed on the label did not match the actual amount. I have photos and the receipt. This record is fictional and included only for software demonstration. Case reference DEMO-0116.,2025-09-03,price_fraud
DEMO-CMP-0117,Demo Citizen 0117,+961 00 000117,Mount Lebanon,Demo Pharmacy 082,The food preparation area looked dirty and I saw flies around uncovered food. Staff were handling raw meat without gloves. Synthetic demo case for testing the complaint-triage prototype. Case reference DEMO-0117.,2025-03-14,hygiene
DEMO-CMP-0118,Demo Citizen 0118,+961 00 000118,South Lebanon,Demo Sweets Bakery 074,My order was incomplete and staff refused to help when I reported the missing item. This is a synthetic demo record created for the public portfolio dataset. Case reference DEMO-0118.,2025-04-05,service_quality
DEMO-CMP-0119,Demo Citizen 0119,+961 00 000119,Beirut,Demo Butchery 025,The operator refused to show a license or certificate and told me the documents were not available. Synthetic demo case for testing the complaint-triage prototype. Case reference DEMO-0119.,2026-03-17,licensing
DEMO-CMP-0120,Demo Citizen 0120,+961 00 000120,Beirut,Demo Supermarket 028,The food preparation area looked dirty and I saw flies around uncovered food. Staff were handling raw meat without gloves. This is a synthetic demo record created for the public portfolio dataset. Case reference DEMO-0120.,2026-02-20,hygiene
DEMO-CMP-0121,Demo Citizen 0121,+961 00 000121,Beirut,Demo Supermarket 030,I bought a packaged dairy item and found it spoiled with a sour smell even though the expiry date had not passed. I kept the product and receipt as evidence. Synthetic demo case for testing the complaint-triage prototype. Case reference DEMO-0121.,2026-06-14,food_safety
DEMO-CMP-0122,Demo Citizen 0122,+961 00 000122,Mount Lebanon,Demo Cosmetics Beauty 102,I booked a service appointment but no one was available at the scheduled time and the staff ignored my complaint. This is a synthetic demo record created for the public portfolio dataset. Case reference DEMO-0122.,2025-08-26,service_quality
DEMO-CMP-0123,Demo Citizen 0123,+961 00 000123,North Lebanon,Demo Restaurant 079,I was told the business is operating illegally while its permit renewal is still unresolved. This is a synthetic demo record created for the public portfolio dataset. Case reference DEMO-0123.,2026-01-21,licensing
DEMO-CMP-0124,Demo Citizen 0124,+961 00 000124,Mount Lebanon,Demo Beach Resort 111,I believe the product was counterfeit because the packaging and label did not match the item advertised. I kept the receipt. Synthetic demo case for testing the complaint-triage prototype. Case reference DEMO-0124.,2025-01-30,price_fraud
DEMO-CMP-0125,Demo Citizen 0125,+961 00 000125,South Lebanon,Demo Beach Resort 109,"The restroom and dining area were dirty, with overflowing waste and a strong bad smell. Staff ignored my complaint. This is a synthetic demo record created for the public portfolio dataset. Case reference DEMO-0125.",2026-01-01,hygiene
DEMO-CMP-0126,Demo Citizen 0126,+961 00 000126,North Lebanon,Demo Petrol Station 093,The swimming area had murky water and visible algae around the edges. The filter appeared broken. This record is fictional and included only for software demonstration. Case reference DEMO-0126.,2025-01-06,hygiene
DEMO-CMP-0127,Demo Citizen 0127,+961 00 000127,Mount Lebanon,Demo Sweets Bakery 123,The cooked chicken I received was pink chicken in the center and seemed unsafe. I took photos and asked the staff for help. This record is fictional and included only for software demonstration. Case reference DEMO-0127.,2025-09-16,food_safety
DEMO-CMP-0128,Demo Citizen 0128,+961 00 000128,Beirut,Demo Cosmetics Beauty 056,I found mold and a rotten smell in a bakery product I purchased. The manager refused a refund even after I showed the receipt. This record is fictional and included only for software demonstration. Case reference DEMO-0128.,2025-05-19,food_safety
DEMO-CMP-0129,Demo Citizen 0129,+961 00 000129,Beirut,Demo Street Food Vendor 058,I was charged twice for the same item on the invoice. Staff ignored the error when I asked for a correction. Synthetic demo case for testing the complaint-triage prototype. Case reference DEMO-0129.,2026-06-27,price_fraud
DEMO-CMP-0130,Demo Citizen 0130,+961 00 000130,South Lebanon,Demo Catering Delivery 139,The food preparation area looked dirty and I saw flies around uncovered food. Staff were handling raw meat without gloves. This is a synthetic demo record created for the public portfolio dataset. Case reference DEMO-0130.,2025-07-20,hygiene
DEMO-CMP-0131,Demo Citizen 0131,+961 00 000131,Beirut,Demo Sweets Bakery 063,I booked a service appointment but no one was available at the scheduled time and the staff ignored my complaint. This is a synthetic demo record created for the public portfolio dataset. Case reference DEMO-0131.,2026-01-28,service_quality
DEMO-CMP-0132,Demo Citizen 0132,+961 00 000132,Mount Lebanon,Demo Restaurant 019,I noticed a strong sewage smell and dirty standing water close to the food service area. This is a synthetic demo record created for the public portfolio dataset. Case reference DEMO-0132.,2025-07-16,hygiene
DEMO-CMP-0133,Demo Citizen 0133,+961 00 000133,South Lebanon,Demo Hotel Resort 015,Employees handled raw meat and ready-to-eat food using the same tools. The preparation surface was visibly dirty. This is a synthetic demo record created for the public portfolio dataset. Case reference DEMO-0133.,2025-10-27,hygiene
DEMO-CMP-0134,Demo Citizen 0134,+961 00 000134,Beirut,Demo Restaurant 072,I purchased frozen food that was partly warm and the store refrigerator appeared to have no refrigeration. The product smelled spoiled. This record is fictional and included only for software demonstration. Case reference DEMO-0134.,2025-11-03,food_safety
DEMO-CMP-0135,Demo Citizen 0135,+961 00 000135,North Lebanon,Demo Supermarket 032,I booked a service appointment but no one was available at the scheduled time and the staff ignored my complaint. Synthetic demo case for testing the complaint-triage prototype. Case reference DEMO-0135.,2026-01-25,service_quality
DEMO-CMP-0136,Demo Citizen 0136,+961 00 000136,Beirut,Demo Retail Services 078,I booked a service appointment but no one was available at the scheduled time and the staff ignored my complaint. Synthetic demo case for testing the complaint-triage prototype. Case reference DEMO-0136.,2026-07-31,service_quality
DEMO-CMP-0137,Demo Citizen 0137,+961 00 000137,South Lebanon,Demo Swimming Pool Water Park 039,I asked to see the health permit and was told there was no certificate available at the location. Synthetic demo case for testing the complaint-triage prototype. Case reference DEMO-0137.,2025-11-01,licensing
DEMO-CMP-0138,Demo Citizen 0138,+961 00 000138,Mount Lebanon,Demo Street Food Vendor 041,There is no visible health permit and employees could not confirm that the establishment is licensed. Synthetic demo case for testing the complaint-triage prototype. Case reference DEMO-0138.,2025-01-14,licensing
DEMO-CMP-0139,Demo Citizen 0139,+961 00 000139,Bekaa,Demo Supermarket 124,The food preparation area looked dirty and I saw flies around uncovered food. Staff were handling raw meat without gloves. This is a synthetic demo record created for the public portfolio dataset. Case reference DEMO-0139.,2026-03-06,hygiene
DEMO-CMP-0140,Demo Citizen 0140,+961 00 000140,Bekaa,Demo Restaurant 141,I asked to see the health permit and was told there was no certificate available at the location. This record is fictional and included only for software demonstration. Case reference DEMO-0140.,2025-01-19,licensing
DEMO-CMP-0141,Demo Citizen 0141,+961 00 000141,Bekaa,Demo Butchery 012,A ready-to-eat meal appeared contaminated and caused nausea later that evening. I kept the leftover container as evidence. This record is fictional and included only for software demonstration. Case reference DEMO-0141.,2025-08-27,food_safety
DEMO-CMP-0142,Demo Citizen 0142,+961 00 000142,Bekaa,Demo Catering Delivery 020,I paid for one kilogram of goods but my home scale showed a short weight. The receipt lists the full kilogram price. This record is fictional and included only for software demonstration. Case reference DEMO-0142.,2025-02-08,price_fraud
DEMO-CMP-0143,Demo Citizen 0143,+961 00 000143,Bekaa,Demo Pharmacy 026,The establishment displayed no required certificate and staff refused to show any licensing documents. This record is fictional and included only for software demonstration. Case reference DEMO-0143.,2025-05-25,licensing
DEMO-CMP-0144,Demo Citizen 0144,+961 00 000144,Mount Lebanon,Demo Swimming Pool Water Park 068,The cooked chicken I received was pink chicken in the center and seemed unsafe. I took photos and asked the staff for help. This is a synthetic demo record created for the public portfolio dataset. Case reference DEMO-0144.,2025-04-21,food_safety
DEMO-CMP-0145,Demo Citizen 0145,+961 00 000145,North Lebanon,Demo Restaurant 079,The service counter closed early without notice and staff refused to help customers who were already waiting. This record is fictional and included only for software demonstration. Case reference DEMO-0145.,2025-01-03,service_quality
DEMO-CMP-0146,Demo Citizen 0146,+961 00 000146,Beirut,Demo Electronics 104,The service included an unexpected hidden fee that was not shown before payment. I asked for an invoice and was refused. This record is fictional and included only for software demonstration. Case reference DEMO-0146.,2026-07-27,price_fraud
DEMO-CMP-0147,Demo Citizen 0147,+961 00 000147,Beirut,Demo Restaurant 105,The service is being offered without a license and there is no visible permit or registration information. Synthetic demo case for testing the complaint-triage prototype. Case reference DEMO-0147.,2025-12-13,licensing
DEMO-CMP-0148,Demo Citizen 0148,+961 00 000148,Beirut,Demo Supermarket 106,The shelf showed one price but I was charged a higher price at checkout. I kept the receipt showing the price mismatch. This record is fictional and included only for software demonstration. Case reference DEMO-0148.,2025-03-14,price_fraud
DEMO-CMP-0149,Demo Citizen 0149,+961 00 000149,Mount Lebanon,Demo Pharmacy 082,The establishment cancelled my reservation without informing me and then refused to help with a new time. This record is fictional and included only for software demonstration. Case reference DEMO-0149.,2025-12-23,service_quality
DEMO-CMP-0150,Demo Citizen 0150,+961 00 000150,South Lebanon,Demo Petrol Station 108,Food trays were left uncovered for a long period with flies nearby. No gloves were used while serving. This record is fictional and included only for software demonstration. Case reference DEMO-0150.,2026-04-21,hygiene
DEMO-CMP-0151,Demo Citizen 0151,+961 00 000151,Mount Lebanon,Demo Restaurant 088,There is no visible health permit and employees could not confirm that the establishment is licensed. This is a synthetic demo record created for the public portfolio dataset. Case reference DEMO-0151.,2025-04-02,licensing
DEMO-CMP-0152,Demo Citizen 0152,+961 00 000152,Beirut,Demo Pharmacy 116,My order was incomplete and staff refused to help when I reported the missing item. This record is fictional and included only for software demonstration. Case reference DEMO-0152.,2026-01-14,service_quality
DEMO-CMP-0153,Demo Citizen 0153,+961 00 000153,Mount Lebanon,Demo Petrol Station 101,I asked to see the health permit and was told there was no certificate available at the location. This is a synthetic demo record created for the public portfolio dataset. Case reference DEMO-0153.,2025-12-24,licensing
DEMO-CMP-0154,Demo Citizen 0154,+961 00 000154,Mount Lebanon,Demo Cosmetics Beauty 102,A product was marketed with a misleading promotion and the final price was much higher than advertised. This record is fictional and included only for software demonstration. Case reference DEMO-0154.,2025-03-15,price_fraud
DEMO-CMP-0155,Demo Citizen 0155,+961 00 000155,North Lebanon,Demo Pharmacy 011,The refrigerator display was warm and products requiring cooling were stored without proper refrigeration. This record is fictional and included only for software demonstration. Case reference DEMO-0155.,2025-07-29,hygiene
DEMO-CMP-0156,Demo Citizen 0156,+961 00 000156,South Lebanon,Demo Catering Delivery 139,My order was incomplete and staff refused to help when I reported the missing item. This is a synthetic demo record created for the public portfolio dataset. Case reference DEMO-0156.,2025-01-04,service_quality
DEMO-CMP-0157,Demo Citizen 0157,+961 00 000157,Beirut,Demo Restaurant 122,A refrigerated product was still on the shelf past its expiry date. The package was bloated and had a bad smell when opened. This is a synthetic demo record created for the public portfolio dataset. Case reference DEMO-0157.,2025-03-18,food_safety
DEMO-CMP-0158,Demo Citizen 0158,+961 00 000158,Beirut,Demo Sweets Bakery 125,The establishment displayed no required certificate and staff refused to show any licensing documents. This is a synthetic demo record created for the public portfolio dataset. Case reference DEMO-0158.,2025-06-28,licensing
DEMO-CMP-0159,Demo Citizen 0159,+961 00 000159,Beirut,Demo Supermarket 127,I purchased frozen food that was partly warm and the store refrigerator appeared to have no refrigeration. The product smelled spoiled. This is a synthetic demo record created for the public portfolio dataset. Case reference DEMO-0159.,2026-04-28,food_safety
DEMO-CMP-0160,Demo Citizen 0160,+961 00 000160,Beirut,Demo Petrol Station 129,I paid for one kilogram of goods but my home scale showed a short weight. The receipt lists the full kilogram price. Synthetic demo case for testing the complaint-triage prototype. Case reference DEMO-0160.,2025-12-27,price_fraud
DEMO-CMP-0161,Demo Citizen 0161,+961 00 000161,Beirut,Demo Pharmacy 131,The vendor appears unlicensed and is operating from a temporary stand without a permit. This is a synthetic demo record created for the public portfolio dataset. Case reference DEMO-0161.,2025-05-29,licensing
DEMO-CMP-0162,Demo Citizen 0162,+961 00 000162,Mount Lebanon,Demo Beach Resort 004,There is no visible health permit and employees could not confirm that the establishment is licensed. This is a synthetic demo record created for the public portfolio dataset. Case reference DEMO-0162.,2026-01-07,licensing
DEMO-CMP-0163,Demo Citizen 0163,+961 00 000163,South Lebanon,Demo Swimming Pool Water Park 039,The cooked chicken I received was pink chicken in the center and seemed unsafe. I took photos and asked the staff for help. This record is fictional and included only for software demonstration. Case reference DEMO-0163.,2025-05-02,food_safety
DEMO-CMP-0164,Demo Citizen 0164,+961 00 000164,Beirut,Demo Sweets Bakery 007,I asked a basic question about the service and the employee laughed and dismissed my concern. This record is fictional and included only for software demonstration. Case reference DEMO-0164.,2026-04-26,service_quality
DEMO-CMP-0165,Demo Citizen 0165,+961 00 000165,North Lebanon,Demo Hotel Resort 060,I found broken glass inside the outer packaging of a food product before serving it to my children. I took photos immediately. Synthetic demo case for testing the complaint-triage prototype. Case reference DEMO-0165.,2026-05-11,food_safety
DEMO-CMP-0166,Demo Citizen 0166,+961 00 000166,South Lebanon,Demo Street Food Vendor 048,"I asked for the required operating certificate, but the manager said it was missing and dismissed my concern. Synthetic demo case for testing the complaint-triage prototype. Case reference DEMO-0166.",2025-10-05,licensing
DEMO-CMP-0167,Demo Citizen 0167,+961 00 000167,Mount Lebanon,Demo Supermarket 031,The service is being offered without a license and there is no visible permit or registration information. This is a synthetic demo record created for the public portfolio dataset. Case reference DEMO-0167.,2025-09-30,licensing
DEMO-CMP-0168,Demo Citizen 0168,+961 00 000168,Mount Lebanon,Demo Beach Resort 034,I asked a basic question about the service and the employee laughed and dismissed my concern. Synthetic demo case for testing the complaint-triage prototype. Case reference DEMO-0168.,2025-06-13,service_quality
DEMO-CMP-0169,Demo Citizen 0169,+961 00 000169,North Lebanon,Demo Supermarket 090,I received the wrong item and the employee became aggressive when I politely requested an exchange. This is a synthetic demo record created for the public portfolio dataset. Case reference DEMO-0169.,2025-06-09,service_quality
DEMO-CMP-0170,Demo Citizen 0170,+961 00 000170,North Lebanon,Demo Petrol Station 093,The meat I purchased had a chemical smell and looked unsafe. The establishment dismissed my concern and would not cooperate. This is a synthetic demo record created for the public portfolio dataset. Case reference DEMO-0170.,2025-06-24,food_safety
DEMO-CMP-0171,Demo Citizen 0171,+961 00 000171,South Lebanon,Demo Pharmacy 077,The delivery arrived much later than promised and customer service would not cooperate when I asked for an update. This record is fictional and included only for software demonstration. Case reference DEMO-0171.,2025-04-16,service_quality
DEMO-CMP-0172,Demo Citizen 0172,+961 00 000172,Beirut,Demo Butchery 021,Employees handled raw meat and ready-to-eat food using the same tools. The preparation surface was visibly dirty. This record is fictional and included only for software demonstration. Case reference DEMO-0172.,2026-06-20,hygiene
DEMO-CMP-0173,Demo Citizen 0173,+961 00 000173,Beirut,Demo Butchery 025,The vendor appears unlicensed and is operating from a temporary stand without a permit. Synthetic demo case for testing the complaint-triage prototype. Case reference DEMO-0173.,2025-10-22,licensing
DEMO-CMP-0174,Demo Citizen 0174,+961 00 000174,North Lebanon,Demo Restaurant 136,I booked a service appointment but no one was available at the scheduled time and the staff ignored my complaint. Synthetic demo case for testing the complaint-triage prototype. Case reference DEMO-0174.,2026-06-17,service_quality
DEMO-CMP-0175,Demo Citizen 0175,+961 00 000175,North Lebanon,Demo Butchery 138,I observed rats near stored food boxes behind the service area. I took a photo and told the manager. This record is fictional and included only for software demonstration. Case reference DEMO-0175.,2025-12-09,hygiene
DEMO-CMP-0176,Demo Citizen 0176,+961 00 000176,North Lebanon,Demo Catering Delivery 140,I asked to see the health permit and was told there was no certificate available at the location. This is a synthetic demo record created for the public portfolio dataset. Case reference DEMO-0176.,2025-03-14,licensing
DEMO-CMP-0177,Demo Citizen 0177,+961 00 000177,Beirut,Demo Clothing Fashion 035,I received the wrong item and the employee became aggressive when I politely requested an exchange. This record is fictional and included only for software demonstration. Case reference DEMO-0177.,2026-07-14,service_quality
DEMO-CMP-0178,Demo Citizen 0178,+961 00 000178,Beirut,Demo Beach Resort 044,The package weight printed on the label did not match the actual amount. I have photos and the receipt. This is a synthetic demo record created for the public portfolio dataset. Case reference DEMO-0178.,2025-12-27,price_fraud
DEMO-CMP-0179,Demo Citizen 0179,+961 00 000179,North Lebanon,Demo Supermarket 032,I saw cockroaches near the counter and the floor was filthy. Food was displayed uncovered beside the affected area. Synthetic demo case for testing the complaint-triage prototype. Case reference DEMO-0179.,2026-05-20,hygiene
DEMO-CMP-0180,Demo Citizen 0180,+961 00 000180,Mount Lebanon,Demo Beach Resort 081,I found mold and a rotten smell in a bakery product I purchased. The manager refused a refund even after I showed the receipt. This is a synthetic demo record created for the public portfolio dataset. Case reference DEMO-0180.,2026-02-18,food_safety
DEMO-CMP-0181,Demo Citizen 0181,+961 00 000181,Mount Lebanon,Demo Pharmacy 082,The cashier would not provide a receipt after charging a higher price than the label displayed. Synthetic demo case for testing the complaint-triage prototype. Case reference DEMO-0181.,2026-04-11,price_fraud
DEMO-CMP-0182,Demo Citizen 0182,+961 00 000182,South Lebanon,Demo Catering Delivery 139,I was told the business is operating illegally while its permit renewal is still unresolved. This record is fictional and included only for software demonstration. Case reference DEMO-0182.,2026-04-02,licensing
DEMO-CMP-0183,Demo Citizen 0183,+961 00 000183,Mount Lebanon,Demo Restaurant 088,I was charged twice for the same item on the invoice. Staff ignored the error when I asked for a correction. This is a synthetic demo record created for the public portfolio dataset. Case reference DEMO-0183.,2025-05-24,price_fraud
DEMO-CMP-0184,Demo Citizen 0184,+961 00 000184,Beirut,Demo Petrol Station 059,I was charged twice for the same item on the invoice. Staff ignored the error when I asked for a correction. Synthetic demo case for testing the complaint-triage prototype. Case reference DEMO-0184.,2025-05-01,price_fraud
DEMO-CMP-0185,Demo Citizen 0185,+961 00 000185,Mount Lebanon,Demo Petrol Station 101,The establishment displayed no required certificate and staff refused to show any licensing documents. This is a synthetic demo record created for the public portfolio dataset. Case reference DEMO-0185.,2025-07-11,licensing
DEMO-CMP-0186,Demo Citizen 0186,+961 00 000186,North Lebanon,Demo Restaurant 055,The cooked chicken I received was pink chicken in the center and seemed unsafe. I took photos and asked the staff for help. This is a synthetic demo record created for the public portfolio dataset. Case reference DEMO-0186.,2025-12-14,food_safety
DEMO-CMP-0187,Demo Citizen 0187,+961 00 000187,Mount Lebanon,Demo Hotel Resort 110,I noticed a strong sewage smell and dirty standing water close to the food service area. Synthetic demo case for testing the complaint-triage prototype. Case reference DEMO-0187.,2025-12-08,hygiene
DEMO-CMP-0188,Demo Citizen 0188,+961 00 000188,South Lebanon,Demo Street Food Vendor 036,I believe the product was counterfeit because the packaging and label did not match the item advertised. I kept the receipt. This record is fictional and included only for software demonstration. Case reference DEMO-0188.,2025-02-13,price_fraud
DEMO-CMP-0189,Demo Citizen 0189,+961 00 000189,Mount Lebanon,Demo Restaurant 114,Several people at our table became sick with diarrhea after eating the same dish. We visited a clinic and kept the receipt. This is a synthetic demo record created for the public portfolio dataset. Case reference DEMO-0189.,2025-11-16,food_safety
DEMO-CMP-0190,Demo Citizen 0190,+961 00 000190,Mount Lebanon,Demo Hotel Resort 118,Food trays were left uncovered for a long period with flies nearby. No gloves were used while serving. This record is fictional and included only for software demonstration. Case reference DEMO-0190.,2026-04-08,hygiene
DEMO-CMP-0191,Demo Citizen 0191,+961 00 000191,Bekaa,Demo Catering Delivery 020,The employee was dismissive when I asked for help with a return and refused to explain the store policy. Synthetic demo case for testing the complaint-triage prototype. Case reference DEMO-0191.,2026-03-10,service_quality
DEMO-CMP-0192,Demo Citizen 0192,+961 00 000192,North Lebanon,Demo Petrol Station 093,The package weight printed on the label did not match the actual amount. I have photos and the receipt. This record is fictional and included only for software demonstration. Case reference DEMO-0192.,2026-04-12,price_fraud
DEMO-CMP-0193,Demo Citizen 0193,+961 00 000193,Beirut,Demo Restaurant 086,I asked a basic question about the service and the employee laughed and dismissed my concern. Synthetic demo case for testing the complaint-triage prototype. Case reference DEMO-0193.,2025-12-28,service_quality
DEMO-CMP-0194,Demo Citizen 0194,+961 00 000194,Mount Lebanon,Demo Beach Resort 004,The service included an unexpected hidden fee that was not shown before payment. I asked for an invoice and was refused. This record is fictional and included only for software demonstration. Case reference DEMO-0194.,2025-01-08,price_fraud
DEMO-CMP-0195,Demo Citizen 0195,+961 00 000195,South Lebanon,Demo Supermarket 062,I saw cockroaches near the counter and the floor was filthy. Food was displayed uncovered beside the affected area. This is a synthetic demo record created for the public portfolio dataset. Case reference DEMO-0195.,2026-07-16,hygiene
DEMO-CMP-0196,Demo Citizen 0196,+961 00 000196,Mount Lebanon,Demo Restaurant 019,"The preparation counter had grease, old food residue, and insects. Staff refused to clean it after customers complained. Synthetic demo case for testing the complaint-triage prototype. Case reference DEMO-0196.",2026-03-09,hygiene
DEMO-CMP-0197,Demo Citizen 0197,+961 00 000197,Bekaa,Demo Butchery 012,The refrigerator display was warm and products requiring cooling were stored without proper refrigeration. This record is fictional and included only for software demonstration. Case reference DEMO-0197.,2025-04-23,hygiene
DEMO-CMP-0198,Demo Citizen 0198,+961 00 000198,Beirut,Demo Supermarket 099,I received the wrong item and the employee became aggressive when I politely requested an exchange. Synthetic demo case for testing the complaint-triage prototype. Case reference DEMO-0198.,2026-04-23,service_quality
DEMO-CMP-0199,Demo Citizen 0199,+961 00 000199,North Lebanon,Demo Pharmacy 011,The meat I purchased had a chemical smell and looked unsafe. The establishment dismissed my concern and would not cooperate. Synthetic demo case for testing the complaint-triage prototype. Case reference DEMO-0199.,2026-02-27,food_safety
DEMO-CMP-0200,Demo Citizen 0200,+961 00 000200,Mount Lebanon,Demo Beach Resort 034,The employee was dismissive when I asked for help with a return and refused to explain the store policy. Synthetic demo case for testing the complaint-triage prototype. Case reference DEMO-0200.,2025-02-06,service_quality
DEMO-CMP-0201,Demo Citizen 0201,+961 00 000201,South Lebanon,Demo Beach Resort 107,The delivery arrived much later than promised and customer service would not cooperate when I asked for an update. This is a synthetic demo record created for the public portfolio dataset. Case reference DEMO-0201.,2026-02-16,service_quality
DEMO-CMP-0202,Demo Citizen 0202,+961 00 000202,Mount Lebanon,Demo Street Food Vendor 041,My order was incomplete and staff refused to help when I reported the missing item. Synthetic demo case for testing the complaint-triage prototype. Case reference DEMO-0202.,2026-06-15,service_quality
DEMO-CMP-0203,Demo Citizen 0203,+961 00 000203,Mount Lebanon,Demo Petrol Station 045,I found broken glass inside the outer packaging of a food product before serving it to my children. I took photos immediately. This record is fictional and included only for software demonstration. Case reference DEMO-0203.,2025-12-31,food_safety
DEMO-CMP-0204,Demo Citizen 0204,+961 00 000204,North Lebanon,Demo Petrol Station 047,I waited a long time for assistance and staff repeatedly ignored my request even though the store was not busy. This record is fictional and included only for software demonstration. Case reference DEMO-0204.,2025-12-02,service_quality
DEMO-CMP-0205,Demo Citizen 0205,+961 00 000205,Beirut,Demo Supermarket 115,I saw cockroaches near the counter and the floor was filthy. Food was displayed uncovered beside the affected area. This is a synthetic demo record created for the public portfolio dataset. Case reference DEMO-0205.,2026-01-23,hygiene
DEMO-CMP-0206,Demo Citizen 0206,+961 00 000206,South Lebanon,Demo Hotel Resort 132,I waited a long time for assistance and staff repeatedly ignored my request even though the store was not busy. Synthetic demo case for testing the complaint-triage prototype. Case reference DEMO-0206.,2025-05-02,service_quality
DEMO-CMP-0207,Demo Citizen 0207,+961 00 000207,South Lebanon,Demo Supermarket 135,The service included an unexpected hidden fee that was not shown before payment. I asked for an invoice and was refused. Synthetic demo case for testing the complaint-triage prototype. Case reference DEMO-0207.,2025-11-17,price_fraud
DEMO-CMP-0208,Demo Citizen 0208,+961 00 000208,Bekaa,Demo Pharmacy 066,The service is being offered without a license and there is no visible permit or registration information. This is a synthetic demo record created for the public portfolio dataset. Case reference DEMO-0208.,2025-06-14,licensing
DEMO-CMP-0209,Demo Citizen 0209,+961 00 000209,Beirut,Demo Sweets Bakery 120,My order was incomplete and staff refused to help when I reported the missing item. This record is fictional and included only for software demonstration. Case reference DEMO-0209.,2025-08-18,service_quality
DEMO-CMP-0210,Demo Citizen 0210,+961 00 000210,South Lebanon,Demo Toys Children 005,I believe the product was counterfeit because the packaging and label did not match the item advertised. I kept the receipt. This is a synthetic demo record created for the public portfolio dataset. Case reference DEMO-0210.,2025-12-11,price_fraud
DEMO-CMP-0211,Demo Citizen 0211,+961 00 000211,Beirut,Demo Restaurant 122,I paid for one kilogram of goods but my home scale showed a short weight. The receipt lists the full kilogram price. This is a synthetic demo record created for the public portfolio dataset. Case reference DEMO-0211.,2026-02-14,price_fraud
DEMO-CMP-0212,Demo Citizen 0212,+961 00 000212,Bekaa,Demo Catering Delivery 020,The meat I purchased had a chemical smell and looked unsafe. The establishment dismissed my concern and would not cooperate. This is a synthetic demo record created for the public portfolio dataset. Case reference DEMO-0212.,2026-01-28,food_safety
DEMO-CMP-0213,Demo Citizen 0213,+961 00 000213,North Lebanon,Demo Supermarket 090,My order was incomplete and staff refused to help when I reported the missing item. Synthetic demo case for testing the complaint-triage prototype. Case reference DEMO-0213.,2025-11-14,service_quality
DEMO-CMP-0214,Demo Citizen 0214,+961 00 000214,Mount Lebanon,Demo Supermarket 087,The establishment overcharged me compared with the displayed menu price and refused a refund. Synthetic demo case for testing the complaint-triage prototype. Case reference DEMO-0214.,2025-06-24,price_fraud
DEMO-CMP-0215,Demo Citizen 0215,+961 00 000215,North Lebanon,Demo Catering Delivery 095,"The preparation counter had grease, old food residue, and insects. Staff refused to clean it after customers complained. This is a synthetic demo record created for the public portfolio dataset. Case reference DEMO-0215.",2025-08-05,hygiene
DEMO-CMP-0216,Demo Citizen 0216,+961 00 000216,Mount Lebanon,Demo Restaurant 096,A product was marketed with a misleading promotion and the final price was much higher than advertised. Synthetic demo case for testing the complaint-triage prototype. Case reference DEMO-0216.,2025-07-28,price_fraud
DEMO-CMP-0217,Demo Citizen 0217,+961 00 000217,Bekaa,Demo Restaurant 141,The establishment overcharged me compared with the displayed menu price and refused a refund. This record is fictional and included only for software demonstration. Case reference DEMO-0217.,2025-11-17,price_fraud
DEMO-CMP-0218,Demo Citizen 0218,+961 00 000218,North Lebanon,Demo Restaurant 136,I paid for one kilogram of goods but my home scale showed a short weight. The receipt lists the full kilogram price. This is a synthetic demo record created for the public portfolio dataset. Case reference DEMO-0218.,2026-04-24,price_fraud
DEMO-CMP-0219,Demo Citizen 0219,+961 00 000219,Beirut,Demo Restaurant 008,The meat I purchased had a chemical smell and looked unsafe. The establishment dismissed my concern and would not cooperate. This record is fictional and included only for software demonstration. Case reference DEMO-0219.,2025-10-13,food_safety
DEMO-CMP-0220,Demo Citizen 0220,+961 00 000220,Mount Lebanon,Demo Beach Resort 111,I asked to see the health permit and was told there was no certificate available at the location. This is a synthetic demo record created for the public portfolio dataset. Case reference DEMO-0220.,2025-09-04,licensing
DEMO-CMP-0221,Demo Citizen 0221,+961 00 000221,Mount Lebanon,Demo Restaurant 114,The establishment overcharged me compared with the displayed menu price and refused a refund. Synthetic demo case for testing the complaint-triage prototype. Case reference DEMO-0221.,2025-05-29,price_fraud
DEMO-CMP-0222,Demo Citizen 0222,+961 00 000222,North Lebanon,Demo Butchery 023,I found broken glass inside the outer packaging of a food product before serving it to my children. I took photos immediately. This record is fictional and included only for software demonstration. Case reference DEMO-0222.,2025-10-20,food_safety
DEMO-CMP-0223,Demo Citizen 0223,+961 00 000223,Bekaa,Demo Supermarket 124,The service is being offered without a license and there is no visible permit or registration information. This record is fictional and included only for software demonstration. Case reference DEMO-0223.,2026-07-13,licensing
DEMO-CMP-0224,Demo Citizen 0224,+961 00 000224,South Lebanon,Demo Swimming Pool Water Park 092,I noticed a strong sewage smell and dirty standing water close to the food service area. This record is fictional and included only for software demonstration. Case reference DEMO-0224.,2025-05-19,hygiene
DEMO-CMP-0225,Demo Citizen 0225,+961 00 000225,Beirut,Demo Supermarket 018,The package weight printed on the label did not match the actual amount. I have photos and the receipt. Synthetic demo case for testing the complaint-triage prototype. Case reference DEMO-0225.,2025-01-30,price_fraud
DEMO-CMP-0226,Demo Citizen 0226,+961 00 000226,Mount Lebanon,Demo Beach Resort 004,The shelf showed one price but I was charged a higher price at checkout. I kept the receipt showing the price mismatch. This record is fictional and included only for software demonstration. Case reference DEMO-0226.,2026-03-10,price_fraud
DEMO-CMP-0227,Demo Citizen 0227,+961 00 000227,South Lebanon,Demo Beach Resort 107,There is no visible health permit and employees could not confirm that the establishment is licensed. Synthetic demo case for testing the complaint-triage prototype. Case reference DEMO-0227.,2026-06-21,licensing
DEMO-CMP-0228,Demo Citizen 0228,+961 00 000228,South Lebanon,Demo Petrol Station 108,The refrigerator display was warm and products requiring cooling were stored without proper refrigeration. This is a synthetic demo record created for the public portfolio dataset. Case reference DEMO-0228.,2025-08-31,hygiene
DEMO-CMP-0229,Demo Citizen 0229,+961 00 000229,North Lebanon,Demo Supermarket 054,The service is being offered without a license and there is no visible permit or registration information. This record is fictional and included only for software demonstration. Case reference DEMO-0229.,2026-02-09,licensing
DEMO-CMP-0230,Demo Citizen 0230,+961 00 000230,Beirut,Demo Supermarket 033,The shelf showed one price but I was charged a higher price at checkout. I kept the receipt showing the price mismatch. Synthetic demo case for testing the complaint-triage prototype. Case reference DEMO-0230.,2025-10-26,price_fraud
DEMO-CMP-0231,Demo Citizen 0231,+961 00 000231,Beirut,Demo Clothing Fashion 035,There is no visible health permit and employees could not confirm that the establishment is licensed. This is a synthetic demo record created for the public portfolio dataset. Case reference DEMO-0231.,2025-02-13,licensing
DEMO-CMP-0232,Demo Citizen 0232,+961 00 000232,Mount Lebanon,Demo Beach Resort 034,The operator refused to show a license or certificate and told me the documents were not available. Synthetic demo case for testing the complaint-triage prototype. Case reference DEMO-0232.,2026-03-26,licensing
DEMO-CMP-0233,Demo Citizen 0233,+961 00 000233,South Lebanon,Demo Supermarket 135,The service counter closed early without notice and staff refused to help customers who were already waiting. Synthetic demo case for testing the complaint-triage prototype. Case reference DEMO-0233.,2025-02-16,service_quality
DEMO-CMP-0234,Demo Citizen 0234,+961 00 000234,North Lebanon,Demo Pharmacy 084,I waited a long time for assistance and staff repeatedly ignored my request even though the store was not busy. This is a synthetic demo record created for the public portfolio dataset. Case reference DEMO-0234.,2025-02-11,service_quality
DEMO-CMP-0235,Demo Citizen 0235,+961 00 000235,Beirut,Demo Hotel Resort 053,The establishment displayed no required certificate and staff refused to show any licensing documents. This record is fictional and included only for software demonstration. Case reference DEMO-0235.,2025-07-09,licensing
DEMO-CMP-0236,Demo Citizen 0236,+961 00 000236,Bekaa,Demo Pharmacy 066,I found broken glass inside the outer packaging of a food product before serving it to my children. I took photos immediately. This record is fictional and included only for software demonstration. Case reference DEMO-0236.,2025-01-30,food_safety
DEMO-CMP-0237,Demo Citizen 0237,+961 00 000237,South Lebanon,Demo Hotel Resort 015,I asked a basic question about the service and the employee laughed and dismissed my concern. This record is fictional and included only for software demonstration. Case reference DEMO-0237.,2025-06-08,service_quality
DEMO-CMP-0238,Demo Citizen 0238,+961 00 000238,Bekaa,Demo Restaurant 141,The establishment overcharged me compared with the displayed menu price and refused a refund. This record is fictional and included only for software demonstration. Case reference DEMO-0238.,2025-03-24,price_fraud
DEMO-CMP-0239,Demo Citizen 0239,+961 00 000239,Mount Lebanon,Demo Butchery 067,I observed rats near stored food boxes behind the service area. I took a photo and told the manager. Synthetic demo case for testing the complaint-triage prototype. Case reference DEMO-0239.,2025-10-18,hygiene
DEMO-CMP-0240,Demo Citizen 0240,+961 00 000240,Beirut,Demo Sweets Bakery 069,The meat I purchased had a chemical smell and looked unsafe. The establishment dismissed my concern and would not cooperate. Synthetic demo case for testing the complaint-triage prototype. Case reference DEMO-0240.,2025-02-16,food_safety
DEMO-CMP-0241,Demo Citizen 0241,+961 00 000241,Beirut,Demo Swimming Pool Water Park 070,The item was advertised at a discount but the final bill included the full price and a hidden fee. This record is fictional and included only for software demonstration. Case reference DEMO-0241.,2026-07-31,price_fraud
DEMO-CMP-0242,Demo Citizen 0242,+961 00 000242,Beirut,Demo Restaurant 072,I saw cockroaches near the counter and the floor was filthy. Food was displayed uncovered beside the affected area. Synthetic demo case for testing the complaint-triage prototype. Case reference DEMO-0242.,2025-10-01,hygiene
DEMO-CMP-0243,Demo Citizen 0243,+961 00 000243,Beirut,Demo Butchery 073,The service counter closed early without notice and staff refused to help customers who were already waiting. This is a synthetic demo record created for the public portfolio dataset. Case reference DEMO-0243.,2025-01-06,service_quality
DEMO-CMP-0244,Demo Citizen 0244,+961 00 000244,Mount Lebanon,Demo Beach Resort 081,I found mold and a rotten smell in a bakery product I purchased. The manager refused a refund even after I showed the receipt. Synthetic demo case for testing the complaint-triage prototype. Case reference DEMO-0244.,2026-05-19,food_safety
DEMO-CMP-0245,Demo Citizen 0245,+961 00 000245,North Lebanon,Demo Supermarket 032,The cashier would not provide a receipt after charging a higher price than the label displayed. This is a synthetic demo record created for the public portfolio dataset. Case reference DEMO-0245.,2025-11-03,price_fraud
DEMO-CMP-0246,Demo Citizen 0246,+961 00 000246,North Lebanon,Demo Supermarket 037,"After eating a prepared chicken meal, I developed vomiting and stomach cramps. My family had similar symptoms and a doctor said it could be food poisoning. This record is fictional and included only for software demonstration. Case reference DEMO-0246.",2026-04-07,food_safety
DEMO-CMP-0247,Demo Citizen 0247,+961 00 000247,Mount Lebanon,Demo Restaurant 088,A ready-to-eat meal appeared contaminated and caused nausea later that evening. I kept the leftover container as evidence. This is a synthetic demo record created for the public portfolio dataset. Case reference DEMO-0247.,2026-06-15,food_safety
DEMO-CMP-0248,Demo Citizen 0248,+961 00 000248,Mount Lebanon,Demo Restaurant 096,Food trays were left uncovered for a long period with flies nearby. No gloves were used while serving. This is a synthetic demo record created for the public portfolio dataset. Case reference DEMO-0248.,2025-02-22,hygiene
DEMO-CMP-0249,Demo Citizen 0249,+961 00 000249,North Lebanon,Demo Catering Delivery 049,The swimming area had murky water and visible algae around the edges. The filter appeared broken. This is a synthetic demo record created for the public portfolio dataset. Case reference DEMO-0249.,2025-04-19,hygiene
DEMO-CMP-0250,Demo Citizen 0250,+961 00 000250,Bekaa,Demo Pharmacy 066,My order was incomplete and staff refused to help when I reported the missing item. Synthetic demo case for testing the complaint-triage prototype. Case reference DEMO-0250.,2025-07-20,service_quality
DEMO-CMP-0251,Demo Citizen 0251,+961 00 000251,Mount Lebanon,Demo Hotel Resort 110,My order was incomplete and staff refused to help when I reported the missing item. Synthetic demo case for testing the complaint-triage prototype. Case reference DEMO-0251.,2026-05-27,service_quality
DEMO-CMP-0252,Demo Citizen 0252,+961 00 000252,North Lebanon,Demo Restaurant 055,I purchased frozen food that was partly warm and the store refrigerator appeared to have no refrigeration. The product smelled spoiled. This record is fictional and included only for software demonstration. Case reference DEMO-0252.,2025-12-15,food_safety
DEMO-CMP-0253,Demo Citizen 0253,+961 00 000253,Bekaa,Demo Butchery 012,The swimming area had murky water and visible algae around the edges. The filter appeared broken. This is a synthetic demo record created for the public portfolio dataset. Case reference DEMO-0253.,2025-06-06,hygiene
DEMO-CMP-0254,Demo Citizen 0254,+961 00 000254,Beirut,Demo Electronics 104,I paid for one kilogram of goods but my home scale showed a short weight. The receipt lists the full kilogram price. Synthetic demo case for testing the complaint-triage prototype. Case reference DEMO-0254.,2025-06-27,price_fraud
DEMO-CMP-0255,Demo Citizen 0255,+961 00 000255,South Lebanon,Demo Beach Resort 109,The delivery arrived much later than promised and customer service would not cooperate when I asked for an update. This record is fictional and included only for software demonstration. Case reference DEMO-0255.,2025-07-11,service_quality
DEMO-CMP-0256,Demo Citizen 0256,+961 00 000256,Bekaa,Demo Swimming Pool Water Park 027,"After eating a prepared chicken meal, I developed vomiting and stomach cramps. My family had similar symptoms and a doctor said it could be food poisoning. Synthetic demo case for testing the complaint-triage prototype. Case reference DEMO-0256.",2025-01-20,food_safety
DEMO-CMP-0257,Demo Citizen 0257,+961 00 000257,Mount Lebanon,Demo Restaurant 001,The refrigerator display was warm and products requiring cooling were stored without proper refrigeration. This is a synthetic demo record created for the public portfolio dataset. Case reference DEMO-0257.,2025-05-22,hygiene
DEMO-CMP-0258,Demo Citizen 0258,+961 00 000258,Beirut,Demo Clothing Fashion 113,"The preparation counter had grease, old food residue, and insects. Staff refused to clean it after customers complained. Synthetic demo case for testing the complaint-triage prototype. Case reference DEMO-0258.",2025-12-30,hygiene
DEMO-CMP-0259,Demo Citizen 0259,+961 00 000259,Mount Lebanon,Demo Catering Delivery 006,I booked a service appointment but no one was available at the scheduled time and the staff ignored my complaint. This record is fictional and included only for software demonstration. Case reference DEMO-0259.,2025-11-19,service_quality
DEMO-CMP-0260,Demo Citizen 0260,+961 00 000260,South Lebanon,Demo Catering Delivery 139,I bought a packaged dairy item and found it spoiled with a sour smell even though the expiry date had not passed. I kept the product and receipt as evidence. This record is fictional and included only for software demonstration. Case reference DEMO-0260.,2025-08-21,food_safety
DEMO-CMP-0261,Demo Citizen 0261,+961 00 000261,Mount Lebanon,Demo Sweets Bakery 022,I found broken glass inside the outer packaging of a food product before serving it to my children. I took photos immediately. This record is fictional and included only for software demonstration. Case reference DEMO-0261.,2025-11-14,food_safety
DEMO-CMP-0262,Demo Citizen 0262,+961 00 000262,Beirut,Demo Street Food Vendor 119,I was charged twice for the same item on the invoice. Staff ignored the error when I asked for a correction. This record is fictional and included only for software demonstration. Case reference DEMO-0262.,2025-05-24,price_fraud
DEMO-CMP-0263,Demo Citizen 0263,+961 00 000263,Bekaa,Demo Swimming Pool Water Park 027,The business appears to have no permit for the activity being offered at this location. This record is fictional and included only for software demonstration. Case reference DEMO-0263.,2025-03-02,licensing
DEMO-CMP-0264,Demo Citizen 0264,+961 00 000264,Beirut,Demo Restaurant 121,I found mold and a rotten smell in a bakery product I purchased. The manager refused a refund even after I showed the receipt. Synthetic demo case for testing the complaint-triage prototype. Case reference DEMO-0264.,2025-05-30,food_safety
DEMO-CMP-0265,Demo Citizen 0265,+961 00 000265,Bekaa,Demo Supermarket 124,I waited a long time for assistance and staff repeatedly ignored my request even though the store was not busy. This record is fictional and included only for software demonstration. Case reference DEMO-0265.,2025-07-01,service_quality
DEMO-CMP-0266,Demo Citizen 0266,+961 00 000266,North Lebanon,Demo Butchery 023,"After eating a prepared chicken meal, I developed vomiting and stomach cramps. My family had similar symptoms and a doctor said it could be food poisoning. Synthetic demo case for testing the complaint-triage prototype. Case reference DEMO-0266.",2026-02-12,food_safety
DEMO-CMP-0267,Demo Citizen 0267,+961 00 000267,North Lebanon,Demo Supermarket 032,I received the wrong item and the employee became aggressive when I politely requested an exchange. This record is fictional and included only for software demonstration. Case reference DEMO-0267.,2025-03-05,service_quality
DEMO-CMP-0268,Demo Citizen 0268,+961 00 000268,North Lebanon,Demo Supermarket 037,The service counter closed early without notice and staff refused to help customers who were already waiting. Synthetic demo case for testing the complaint-triage prototype. Case reference DEMO-0268.,2025-11-16,service_quality
DEMO-CMP-0269,Demo Citizen 0269,+961 00 000269,South Lebanon,Demo Butchery 043,The employee was dismissive when I asked for help with a return and refused to explain the store policy. This record is fictional and included only for software demonstration. Case reference DEMO-0269.,2026-07-10,service_quality
DEMO-CMP-0270,Demo Citizen 0270,+961 00 000270,Mount Lebanon,Demo Hotel Resort 065,The vendor appears unlicensed and is operating from a temporary stand without a permit. Synthetic demo case for testing the complaint-triage prototype. Case reference DEMO-0270.,2026-01-31,licensing
DEMO-CMP-0271,Demo Citizen 0271,+961 00 000271,Beirut,Demo Catering Delivery 003,I booked a service appointment but no one was available at the scheduled time and the staff ignored my complaint. This is a synthetic demo record created for the public portfolio dataset. Case reference DEMO-0271.,2025-04-12,service_quality
DEMO-CMP-0272,Demo Citizen 0272,+961 00 000272,Bekaa,Demo Supermarket 124,I bought a packaged dairy item and found it spoiled with a sour smell even though the expiry date had not passed. I kept the product and receipt as evidence. This record is fictional and included only for software demonstration. Case reference DEMO-0272.,2025-09-20,food_safety
DEMO-CMP-0273,Demo Citizen 0273,+961 00 000273,Beirut,Demo Restaurant 008,I waited a long time for assistance and staff repeatedly ignored my request even though the store was not busy. This record is fictional and included only for software demonstration. Case reference DEMO-0273.,2025-11-01,service_quality
DEMO-CMP-0274,Demo Citizen 0274,+961 00 000274,Mount Lebanon,Demo Supermarket 076,The operator refused to show a license or certificate and told me the documents were not available. This is a synthetic demo record created for the public portfolio dataset. Case reference DEMO-0274.,2026-07-30,licensing
DEMO-CMP-0275,Demo Citizen 0275,+961 00 000275,Beirut,Demo Sweets Bakery 010,The operator refused to show a license or certificate and told me the documents were not available. This record is fictional and included only for software demonstration. Case reference DEMO-0275.,2026-03-18,licensing
DEMO-CMP-0276,Demo Citizen 0276,+961 00 000276,North Lebanon,Demo Swimming Pool Water Park 071,The swimming area had murky water and visible algae around the edges. The filter appeared broken. This record is fictional and included only for software demonstration. Case reference DEMO-0276.,2025-11-29,hygiene
DEMO-CMP-0277,Demo Citizen 0277,+961 00 000277,Beirut,Demo Supermarket 014,The establishment cancelled my reservation without informing me and then refused to help with a new time. This record is fictional and included only for software demonstration. Case reference DEMO-0277.,2025-07-08,service_quality
DEMO-CMP-0278,Demo Citizen 0278,+961 00 000278,Beirut,Demo Pharmacy 017,I asked to see the health permit and was told there was no certificate available at the location. This record is fictional and included only for software demonstration. Case reference DEMO-0278.,2026-06-24,licensing
DEMO-CMP-0279,Demo Citizen 0279,+961 00 000279,Mount Lebanon,Demo Restaurant 088,The refrigerator display was warm and products requiring cooling were stored without proper refrigeration. This record is fictional and included only for software demonstration. Case reference DEMO-0279.,2025-06-01,hygiene
DEMO-CMP-0280,Demo Citizen 0280,+961 00 000280,North Lebanon,Demo Petrol Station 093,"After eating a prepared chicken meal, I developed vomiting and stomach cramps. My family had similar symptoms and a doctor said it could be food poisoning. Synthetic demo case for testing the complaint-triage prototype. Case reference DEMO-0280.",2025-12-10,food_safety
DEMO-CMP-0281,Demo Citizen 0281,+961 00 000281,Beirut,Demo Butchery 025,The service counter closed early without notice and staff refused to help customers who were already waiting. This record is fictional and included only for software demonstration. Case reference DEMO-0281.,2025-05-09,service_quality
DEMO-CMP-0282,Demo Citizen 0282,+961 00 000282,Mount Lebanon,Demo Cosmetics Beauty 102,Employees handled raw meat and ready-to-eat food using the same tools. The preparation surface was visibly dirty. This record is fictional and included only for software demonstration. Case reference DEMO-0282.,2025-01-29,hygiene
DEMO-CMP-0283,Demo Citizen 0283,+961 00 000283,Mount Lebanon,Demo Hotel Resort 110,The staff provided conflicting information and ignored repeated requests to speak with a supervisor. Synthetic demo case for testing the complaint-triage prototype. Case reference DEMO-0283.,2026-03-08,service_quality
DEMO-CMP-0284,Demo Citizen 0284,+961 00 000284,Bekaa,Demo Swimming Pool Water Park 027,Food trays were left uncovered for a long period with flies nearby. No gloves were used while serving. This is a synthetic demo record created for the public portfolio dataset. Case reference DEMO-0284.,2025-09-29,hygiene
DEMO-CMP-0285,Demo Citizen 0285,+961 00 000285,North Lebanon,Demo Butchery 138,I purchased frozen food that was partly warm and the store refrigerator appeared to have no refrigeration. The product smelled spoiled. Synthetic demo case for testing the complaint-triage prototype. Case reference DEMO-0285.,2026-02-03,food_safety
DEMO-CMP-0286,Demo Citizen 0286,+961 00 000286,Mount Lebanon,Demo Hotel Resort 118,The service included an unexpected hidden fee that was not shown before payment. I asked for an invoice and was refused. This is a synthetic demo record created for the public portfolio dataset. Case reference DEMO-0286.,2025-06-09,price_fraud
DEMO-CMP-0287,Demo Citizen 0287,+961 00 000287,Beirut,Demo Furniture Home 046,"I asked for the required operating certificate, but the manager said it was missing and dismissed my concern. This record is fictional and included only for software demonstration. Case reference DEMO-0287.",2026-07-30,licensing
DEMO-CMP-0288,Demo Citizen 0288,+961 00 000288,North Lebanon,Demo Butchery 023,I received the wrong item and the employee became aggressive when I politely requested an exchange. Synthetic demo case for testing the complaint-triage prototype. Case reference DEMO-0288.,2025-05-19,service_quality
DEMO-CMP-0289,Demo Citizen 0289,+961 00 000289,South Lebanon,Demo Hotel Resort 015,"The preparation counter had grease, old food residue, and insects. Staff refused to clean it after customers complained. Synthetic demo case for testing the complaint-triage prototype. Case reference DEMO-0289.",2025-09-11,hygiene
DEMO-CMP-0290,Demo Citizen 0290,+961 00 000290,Beirut,Demo Cosmetics Beauty 056,A ready-to-eat meal appeared contaminated and caused nausea later that evening. I kept the leftover container as evidence. This record is fictional and included only for software demonstration. Case reference DEMO-0290.,2025-12-08,food_safety
DEMO-CMP-0291,Demo Citizen 0291,+961 00 000291,Mount Lebanon,Demo Catering Delivery 006,The establishment cancelled my reservation without informing me and then refused to help with a new time. This is a synthetic demo record created for the public portfolio dataset. Case reference DEMO-0291.,2026-07-06,service_quality
DEMO-CMP-0292,Demo Citizen 0292,+961 00 000292,Mount Lebanon,Demo Restaurant 019,I booked a service appointment but no one was available at the scheduled time and the staff ignored my complaint. This is a synthetic demo record created for the public portfolio dataset. Case reference DEMO-0292.,2025-03-11,service_quality
DEMO-CMP-0293,Demo Citizen 0293,+961 00 000293,Mount Lebanon,Demo Sweets Bakery 022,Food trays were left uncovered for a long period with flies nearby. No gloves were used while serving. Synthetic demo case for testing the complaint-triage prototype. Case reference DEMO-0293.,2026-03-24,hygiene
DEMO-CMP-0294,Demo Citizen 0294,+961 00 000294,Beirut,Demo Sweets Bakery 069,I waited a long time for assistance and staff repeatedly ignored my request even though the store was not busy. This record is fictional and included only for software demonstration. Case reference DEMO-0294.,2026-06-24,service_quality
DEMO-CMP-0295,Demo Citizen 0295,+961 00 000295,Beirut,Demo Swimming Pool Water Park 070,A refrigerated product was still on the shelf past its expiry date. The package was bloated and had a bad smell when opened. This record is fictional and included only for software demonstration. Case reference DEMO-0295.,2025-01-18,food_safety
DEMO-CMP-0296,Demo Citizen 0296,+961 00 000296,North Lebanon,Demo Restaurant 055,There is no visible health permit and employees could not confirm that the establishment is licensed. This record is fictional and included only for software demonstration. Case reference DEMO-0296.,2026-04-22,licensing
DEMO-CMP-0297,Demo Citizen 0297,+961 00 000297,South Lebanon,Demo Beach Resort 052,The employee was dismissive when I asked for help with a return and refused to explain the store policy. This record is fictional and included only for software demonstration. Case reference DEMO-0297.,2025-04-30,service_quality
DEMO-CMP-0298,Demo Citizen 0298,+961 00 000298,Beirut,Demo Retail Services 078,The cooked chicken I received was pink chicken in the center and seemed unsafe. I took photos and asked the staff for help. This record is fictional and included only for software demonstration. Case reference DEMO-0298.,2025-05-09,food_safety
DEMO-CMP-0299,Demo Citizen 0299,+961 00 000299,Beirut,Demo Restaurant 083,A product was marketed with a misleading promotion and the final price was much higher than advertised. Synthetic demo case for testing the complaint-triage prototype. Case reference DEMO-0299.,2025-02-08,price_fraud
DEMO-CMP-0300,Demo Citizen 0300,+961 00 000300,Beirut,Demo Pharmacy 085,The operator refused to show a license or certificate and told me the documents were not available. This is a synthetic demo record created for the public portfolio dataset. Case reference DEMO-0300.,2025-02-22,licensing
DEMO-CMP-0301,Demo Citizen 0301,+961 00 000301,Mount Lebanon,Demo Butchery 064,Several people at our table became sick with diarrhea after eating the same dish. We visited a clinic and kept the receipt. This is a synthetic demo record created for the public portfolio dataset. Case reference DEMO-0301.,2025-10-23,food_safety
DEMO-CMP-0302,Demo Citizen 0302,+961 00 000302,South Lebanon,Demo Swimming Pool Water Park 092,My order was incomplete and staff refused to help when I reported the missing item. This is a synthetic demo record created for the public portfolio dataset. Case reference DEMO-0302.,2025-03-18,service_quality
DEMO-CMP-0303,Demo Citizen 0303,+961 00 000303,Bekaa,Demo Catering Delivery 020,A refrigerated product was still on the shelf past its expiry date. The package was bloated and had a bad smell when opened. This record is fictional and included only for software demonstration. Case reference DEMO-0303.,2025-04-01,food_safety
DEMO-CMP-0304,Demo Citizen 0304,+961 00 000304,Bekaa,Demo Pharmacy 026,I believe the product was counterfeit because the packaging and label did not match the item advertised. I kept the receipt. This is a synthetic demo record created for the public portfolio dataset. Case reference DEMO-0304.,2025-12-21,price_fraud
DEMO-CMP-0305,Demo Citizen 0305,+961 00 000305,Mount Lebanon,Demo Petrol Station 075,The business appears to have no permit for the activity being offered at this location. This record is fictional and included only for software demonstration. Case reference DEMO-0305.,2025-09-24,licensing
DEMO-CMP-0306,Demo Citizen 0306,+961 00 000306,Mount Lebanon,Demo Supermarket 076,The package weight printed on the label did not match the actual amount. I have photos and the receipt. Synthetic demo case for testing the complaint-triage prototype. Case reference DEMO-0306.,2026-05-06,price_fraud
DEMO-CMP-0307,Demo Citizen 0307,+961 00 000307,Mount Lebanon,Demo Hotel Resort 080,The food preparation area looked dirty and I saw flies around uncovered food. Staff were handling raw meat without gloves. This record is fictional and included only for software demonstration. Case reference DEMO-0307.,2026-03-18,hygiene
DEMO-CMP-0308,Demo Citizen 0308,+961 00 000308,South Lebanon,Demo Swimming Pool Water Park 126,The service included an unexpected hidden fee that was not shown before payment. I asked for an invoice and was refused. Synthetic demo case for testing the complaint-triage prototype. Case reference DEMO-0308.,2025-10-04,price_fraud
DEMO-CMP-0309,Demo Citizen 0309,+961 00 000309,North Lebanon,Demo Pharmacy 011,The establishment displayed no required certificate and staff refused to show any licensing documents. Synthetic demo case for testing the complaint-triage prototype. Case reference DEMO-0309.,2025-11-10,licensing
DEMO-CMP-0310,Demo Citizen 0310,+961 00 000310,Mount Lebanon,Demo Supermarket 087,There is no visible health permit and employees could not confirm that the establishment is licensed. This is a synthetic demo record created for the public portfolio dataset. Case reference DEMO-0310.,2026-02-09,licensing
DEMO-CMP-0311,Demo Citizen 0311,+961 00 000311,South Lebanon,Demo Supermarket 135,Several people at our table became sick with diarrhea after eating the same dish. We visited a clinic and kept the receipt. This record is fictional and included only for software demonstration. Case reference DEMO-0311.,2025-07-25,food_safety
DEMO-CMP-0312,Demo Citizen 0312,+961 00 000312,Beirut,Demo Clothing Fashion 113,I received the wrong item and the employee became aggressive when I politely requested an exchange. This record is fictional and included only for software demonstration. Case reference DEMO-0312.,2026-05-26,service_quality
DEMO-CMP-0313,Demo Citizen 0313,+961 00 000313,Mount Lebanon,Demo Petrol Station 101,The service included an unexpected hidden fee that was not shown before payment. I asked for an invoice and was refused. This is a synthetic demo record created for the public portfolio dataset. Case reference DEMO-0313.,2026-02-10,price_fraud
DEMO-CMP-0314,Demo Citizen 0314,+961 00 000314,North Lebanon,Demo Petrol Station 047,I believe the product was counterfeit because the packaging and label did not match the item advertised. I kept the receipt. This record is fictional and included only for software demonstration. Case reference DEMO-0314.,2026-01-09,price_fraud
DEMO-CMP-0315,Demo Citizen 0315,+961 00 000315,Beirut,Demo Catering Delivery 117,Several people at our table became sick with diarrhea after eating the same dish. We visited a clinic and kept the receipt. This record is fictional and included only for software demonstration. Case reference DEMO-0315.,2025-09-02,food_safety
DEMO-CMP-0316,Demo Citizen 0316,+961 00 000316,South Lebanon,Demo Restaurant 016,A product was marketed with a misleading promotion and the final price was much higher than advertised. Synthetic demo case for testing the complaint-triage prototype. Case reference DEMO-0316.,2026-07-05,price_fraud
DEMO-CMP-0317,Demo Citizen 0317,+961 00 000317,South Lebanon,Demo Hotel Resort 024,I was charged twice for the same item on the invoice. Staff ignored the error when I asked for a correction. This is a synthetic demo record created for the public portfolio dataset. Case reference DEMO-0317.,2026-07-01,price_fraud
DEMO-CMP-0318,Demo Citizen 0318,+961 00 000318,Mount Lebanon,Demo Hotel Resort 118,The meat I purchased had a chemical smell and looked unsafe. The establishment dismissed my concern and would not cooperate. Synthetic demo case for testing the complaint-triage prototype. Case reference DEMO-0318.,2025-03-30,food_safety
DEMO-CMP-0319,Demo Citizen 0319,+961 00 000319,Mount Lebanon,Demo Sweets Bakery 123,Employees handled raw meat and ready-to-eat food using the same tools. The preparation surface was visibly dirty. This record is fictional and included only for software demonstration. Case reference DEMO-0319.,2026-02-23,hygiene
DEMO-CMP-0320,Demo Citizen 0320,+961 00 000320,Bekaa,Demo Pharmacy 066,Several people at our table became sick with diarrhea after eating the same dish. We visited a clinic and kept the receipt. Synthetic demo case for testing the complaint-triage prototype. Case reference DEMO-0320.,2025-04-01,food_safety
DEMO-CMP-0321,Demo Citizen 0321,+961 00 000321,Bekaa,Demo Supermarket 124,The operator refused to show a license or certificate and told me the documents were not available. This is a synthetic demo record created for the public portfolio dataset. Case reference DEMO-0321.,2026-06-23,licensing
DEMO-CMP-0322,Demo Citizen 0322,+961 00 000322,Mount Lebanon,Demo Beach Resort 004,I paid for one kilogram of goods but my home scale showed a short weight. The receipt lists the full kilogram price. Synthetic demo case for testing the complaint-triage prototype. Case reference DEMO-0322.,2026-03-05,price_fraud
DEMO-CMP-0323,Demo Citizen 0323,+961 00 000323,Bekaa,Demo Butchery 012,"The preparation counter had grease, old food residue, and insects. Staff refused to clean it after customers complained. This record is fictional and included only for software demonstration. Case reference DEMO-0323.",2025-05-17,hygiene
DEMO-CMP-0324,Demo Citizen 0324,+961 00 000324,North Lebanon,Demo Petrol Station 093,The staff provided conflicting information and ignored repeated requests to speak with a supervisor. This is a synthetic demo record created for the public portfolio dataset. Case reference DEMO-0324.,2025-05-31,service_quality
DEMO-CMP-0325,Demo Citizen 0325,+961 00 000325,Beirut,Demo Catering Delivery 003,The service counter closed early without notice and staff refused to help customers who were already waiting. This record is fictional and included only for software demonstration. Case reference DEMO-0325.,2026-03-10,service_quality
DEMO-CMP-0326,Demo Citizen 0326,+961 00 000326,Beirut,Demo Sweets Bakery 007,I purchased frozen food that was partly warm and the store refrigerator appeared to have no refrigeration. The product smelled spoiled. Synthetic demo case for testing the complaint-triage prototype. Case reference DEMO-0326.,2026-01-19,food_safety
DEMO-CMP-0327,Demo Citizen 0327,+961 00 000327,Mount Lebanon,Demo Supermarket 031,The staff provided conflicting information and ignored repeated requests to speak with a supervisor. Synthetic demo case for testing the complaint-triage prototype. Case reference DEMO-0327.,2025-03-16,service_quality
DEMO-CMP-0328,Demo Citizen 0328,+961 00 000328,North Lebanon,Demo Restaurant 136,I received the wrong item and the employee became aggressive when I politely requested an exchange. This is a synthetic demo record created for the public portfolio dataset. Case reference DEMO-0328.,2026-06-11,service_quality
DEMO-CMP-0329,Demo Citizen 0329,+961 00 000329,North Lebanon,Demo Butchery 138,There is no visible health permit and employees could not confirm that the establishment is licensed. Synthetic demo case for testing the complaint-triage prototype. Case reference DEMO-0329.,2025-01-30,licensing
DEMO-CMP-0330,Demo Citizen 0330,+961 00 000330,North Lebanon,Demo Catering Delivery 140,A refrigerated product was still on the shelf past its expiry date. The package was bloated and had a bad smell when opened. This is a synthetic demo record created for the public portfolio dataset. Case reference DEMO-0330.,2026-02-13,food_safety
DEMO-CMP-0331,Demo Citizen 0331,+961 00 000331,North Lebanon,Demo Pharmacy 011,The service counter closed early without notice and staff refused to help customers who were already waiting. Synthetic demo case for testing the complaint-triage prototype. Case reference DEMO-0331.,2025-09-10,service_quality
DEMO-CMP-0332,Demo Citizen 0332,+961 00 000332,Mount Lebanon,Demo Beach Resort 061,I was told the business is operating illegally while its permit renewal is still unresolved. Synthetic demo case for testing the complaint-triage prototype. Case reference DEMO-0332.,2026-01-11,licensing
DEMO-CMP-0333,Demo Citizen 0333,+961 00 000333,Bekaa,Demo Swimming Pool Water Park 027,I waited a long time for assistance and staff repeatedly ignored my request even though the store was not busy. This is a synthetic demo record created for the public portfolio dataset. Case reference DEMO-0333.,2025-08-17,service_quality
DEMO-CMP-0334,Demo Citizen 0334,+961 00 000334,Mount Lebanon,Demo Hotel Resort 065,I saw cockroaches near the counter and the floor was filthy. Food was displayed uncovered beside the affected area. This is a synthetic demo record created for the public portfolio dataset. Case reference DEMO-0334.,2025-07-20,hygiene
DEMO-CMP-0335,Demo Citizen 0335,+961 00 000335,Beirut,Demo Butchery 025,I observed rats near stored food boxes behind the service area. I took a photo and told the manager. This is a synthetic demo record created for the public portfolio dataset. Case reference DEMO-0335.,2025-04-05,hygiene
DEMO-CMP-0336,Demo Citizen 0336,+961 00 000336,Beirut,Demo Supermarket 028,The vendor appears unlicensed and is operating from a temporary stand without a permit. This record is fictional and included only for software demonstration. Case reference DEMO-0336.,2025-10-09,licensing
DEMO-CMP-0337,Demo Citizen 0337,+961 00 000337,North Lebanon,Demo Catering Delivery 049,A refrigerated product was still on the shelf past its expiry date. The package was bloated and had a bad smell when opened. This record is fictional and included only for software demonstration. Case reference DEMO-0337.,2026-05-17,food_safety
DEMO-CMP-0338,Demo Citizen 0338,+961 00 000338,Mount Lebanon,Demo Supermarket 076,The business appears to have no permit for the activity being offered at this location. Synthetic demo case for testing the complaint-triage prototype. Case reference DEMO-0338.,2025-05-28,licensing
DEMO-CMP-0339,Demo Citizen 0339,+961 00 000339,Bekaa,Demo Pharmacy 026,The item was advertised at a discount but the final bill included the full price and a hidden fee. This record is fictional and included only for software demonstration. Case reference DEMO-0339.,2025-06-10,price_fraud
DEMO-CMP-0340,Demo Citizen 0340,+961 00 000340,Mount Lebanon,Demo Beach Resort 081,I asked a basic question about the service and the employee laughed and dismissed my concern. Synthetic demo case for testing the complaint-triage prototype. Case reference DEMO-0340.,2025-11-28,service_quality
DEMO-CMP-0341,Demo Citizen 0341,+961 00 000341,Beirut,Demo Furniture Home 046,A ready-to-eat meal appeared contaminated and caused nausea later that evening. I kept the leftover container as evidence. This is a synthetic demo record created for the public portfolio dataset. Case reference DEMO-0341.,2025-06-09,food_safety
DEMO-CMP-0342,Demo Citizen 0342,+961 00 000342,Beirut,Demo Restaurant 050,The establishment cancelled my reservation without informing me and then refused to help with a new time. This is a synthetic demo record created for the public portfolio dataset. Case reference DEMO-0342.,2025-06-07,service_quality
DEMO-CMP-0343,Demo Citizen 0343,+961 00 000343,Beirut,Demo Hotel Resort 053,The establishment overcharged me compared with the displayed menu price and refused a refund. This record is fictional and included only for software demonstration. Case reference DEMO-0343.,2025-08-29,price_fraud
DEMO-CMP-0344,Demo Citizen 0344,+961 00 000344,South Lebanon,Demo Street Food Vendor 036,"The preparation counter had grease, old food residue, and insects. Staff refused to clean it after customers complained. This record is fictional and included only for software demonstration. Case reference DEMO-0344.",2026-07-28,hygiene
DEMO-CMP-0345,Demo Citizen 0345,+961 00 000345,Mount Lebanon,Demo Petrol Station 101,"I asked for the required operating certificate, but the manager said it was missing and dismissed my concern. This is a synthetic demo record created for the public portfolio dataset. Case reference DEMO-0345.",2025-02-16,licensing
DEMO-CMP-0346,Demo Citizen 0346,+961 00 000346,Mount Lebanon,Demo Cosmetics Beauty 102,The business appears to have no permit for the activity being offered at this location. This record is fictional and included only for software demonstration. Case reference DEMO-0346.,2025-10-03,licensing
DEMO-CMP-0347,Demo Citizen 0347,+961 00 000347,Bekaa,Demo Swimming Pool Water Park 027,Employees handled raw meat and ready-to-eat food using the same tools. The preparation surface was visibly dirty. This is a synthetic demo record created for the public portfolio dataset. Case reference DEMO-0347.,2025-10-03,hygiene
DEMO-CMP-0348,Demo Citizen 0348,+961 00 000348,Beirut,Demo Sweets Bakery 069,The service included an unexpected hidden fee that was not shown before payment. I asked for an invoice and was refused. Synthetic demo case for testing the complaint-triage prototype. Case reference DEMO-0348.,2025-12-14,price_fraud
DEMO-CMP-0349,Demo Citizen 0349,+961 00 000349,South Lebanon,Demo Beach Resort 052,The service included an unexpected hidden fee that was not shown before payment. I asked for an invoice and was refused. This is a synthetic demo record created for the public portfolio dataset. Case reference DEMO-0349.,2026-02-11,price_fraud
DEMO-CMP-0350,Demo Citizen 0350,+961 00 000350,North Lebanon,Demo Restaurant 136,A ready-to-eat meal appeared contaminated and caused nausea later that evening. I kept the leftover container as evidence. This is a synthetic demo record created for the public portfolio dataset. Case reference DEMO-0350.,2026-02-05,food_safety
DEMO-CMP-0351,Demo Citizen 0351,+961 00 000351,Beirut,Demo Butchery 073,The service counter closed early without notice and staff refused to help customers who were already waiting. This is a synthetic demo record created for the public portfolio dataset. Case reference DEMO-0351.,2026-05-27,service_quality
DEMO-CMP-0352,Demo Citizen 0352,+961 00 000352,Bekaa,Demo Catering Delivery 020,I believe the product was counterfeit because the packaging and label did not match the item advertised. I kept the receipt. This is a synthetic demo record created for the public portfolio dataset. Case reference DEMO-0352.,2025-04-17,price_fraud
DEMO-CMP-0353,Demo Citizen 0353,+961 00 000353,South Lebanon,Demo Pharmacy 077,"The restroom and dining area were dirty, with overflowing waste and a strong bad smell. Staff ignored my complaint. Synthetic demo case for testing the complaint-triage prototype. Case reference DEMO-0353.",2026-01-16,hygiene
DEMO-CMP-0354,Demo Citizen 0354,+961 00 000354,Mount Lebanon,Demo Beach Resort 004,The shelf showed one price but I was charged a higher price at checkout. I kept the receipt showing the price mismatch. This is a synthetic demo record created for the public portfolio dataset. Case reference DEMO-0354.,2025-02-23,price_fraud
DEMO-CMP-0355,Demo Citizen 0355,+961 00 000355,South Lebanon,Demo Restaurant 098,There is no visible health permit and employees could not confirm that the establishment is licensed. Synthetic demo case for testing the complaint-triage prototype. Case reference DEMO-0355.,2026-07-07,licensing
DEMO-CMP-0356,Demo Citizen 0356,+961 00 000356,Beirut,Demo Supermarket 089,The establishment cancelled my reservation without informing me and then refused to help with a new time. This record is fictional and included only for software demonstration. Case reference DEMO-0356.,2026-01-11,service_quality
DEMO-CMP-0357,Demo Citizen 0357,+961 00 000357,North Lebanon,Demo Restaurant 038,The establishment displayed no required certificate and staff refused to show any licensing documents. Synthetic demo case for testing the complaint-triage prototype. Case reference DEMO-0357.,2025-11-07,licensing
DEMO-CMP-0358,Demo Citizen 0358,+961 00 000358,North Lebanon,Demo Petrol Station 047,"The preparation counter had grease, old food residue, and insects. Staff refused to clean it after customers complained. This record is fictional and included only for software demonstration. Case reference DEMO-0358.",2025-04-14,hygiene
DEMO-CMP-0359,Demo Citizen 0359,+961 00 000359,Beirut,Demo Catering Delivery 097,I paid for one kilogram of goods but my home scale showed a short weight. The receipt lists the full kilogram price. Synthetic demo case for testing the complaint-triage prototype. Case reference DEMO-0359.,2025-10-28,price_fraud
DEMO-CMP-0360,Demo Citizen 0360,+961 00 000360,North Lebanon,Demo Butchery 051,The service included an unexpected hidden fee that was not shown before payment. I asked for an invoice and was refused. This record is fictional and included only for software demonstration. Case reference DEMO-0360.,2025-04-17,price_fraud
DEMO-CMP-0361,Demo Citizen 0361,+961 00 000361,Bekaa,Demo Swimming Pool Water Park 027,The service included an unexpected hidden fee that was not shown before payment. I asked for an invoice and was refused. Synthetic demo case for testing the complaint-triage prototype. Case reference DEMO-0361.,2025-07-09,price_fraud
DEMO-CMP-0362,Demo Citizen 0362,+961 00 000362,Mount Lebanon,Demo Street Food Vendor 041,I waited a long time for assistance and staff repeatedly ignored my request even though the store was not busy. This record is fictional and included only for software demonstration. Case reference DEMO-0362.,2025-12-12,service_quality
DEMO-CMP-0363,Demo Citizen 0363,+961 00 000363,Beirut,Demo Restaurant 105,I was charged twice for the same item on the invoice. Staff ignored the error when I asked for a correction. This is a synthetic demo record created for the public portfolio dataset. Case reference DEMO-0363.,2025-03-22,price_fraud
DEMO-CMP-0364,Demo Citizen 0364,+961 00 000364,Beirut,Demo Supermarket 106,I asked a basic question about the service and the employee laughed and dismissed my concern. This is a synthetic demo record created for the public portfolio dataset. Case reference DEMO-0364.,2025-03-14,service_quality
DEMO-CMP-0365,Demo Citizen 0365,+961 00 000365,Beirut,Demo Supermarket 112,I found mold and a rotten smell in a bakery product I purchased. The manager refused a refund even after I showed the receipt. This is a synthetic demo record created for the public portfolio dataset. Case reference DEMO-0365.,2025-12-16,food_safety
DEMO-CMP-0366,Demo Citizen 0366,+961 00 000366,Beirut,Demo Clothing Fashion 113,The employee was dismissive when I asked for help with a return and refused to explain the store policy. This is a synthetic demo record created for the public portfolio dataset. Case reference DEMO-0366.,2025-05-01,service_quality
DEMO-CMP-0367,Demo Citizen 0367,+961 00 000367,North Lebanon,Demo Supermarket 090,A refrigerated product was still on the shelf past its expiry date. The package was bloated and had a bad smell when opened. This record is fictional and included only for software demonstration. Case reference DEMO-0367.,2025-09-28,food_safety
DEMO-CMP-0368,Demo Citizen 0368,+961 00 000368,South Lebanon,Demo Restaurant 016,I received the wrong item and the employee became aggressive when I politely requested an exchange. This record is fictional and included only for software demonstration. Case reference DEMO-0368.,2025-08-06,service_quality
DEMO-CMP-0369,Demo Citizen 0369,+961 00 000369,Beirut,Demo Catering Delivery 117,"After eating a prepared chicken meal, I developed vomiting and stomach cramps. My family had similar symptoms and a doctor said it could be food poisoning. This record is fictional and included only for software demonstration. Case reference DEMO-0369.",2025-01-13,food_safety
DEMO-CMP-0370,Demo Citizen 0370,+961 00 000370,Mount Lebanon,Demo Supermarket 076,"The restroom and dining area were dirty, with overflowing waste and a strong bad smell. Staff ignored my complaint. This is a synthetic demo record created for the public portfolio dataset. Case reference DEMO-0370.",2025-06-09,hygiene
DEMO-CMP-0371,Demo Citizen 0371,+961 00 000371,South Lebanon,Demo Swimming Pool Water Park 039,I asked to see the health permit and was told there was no certificate available at the location. Synthetic demo case for testing the complaint-triage prototype. Case reference DEMO-0371.,2025-01-20,licensing
DEMO-CMP-0372,Demo Citizen 0372,+961 00 000372,Beirut,Demo Restaurant 121,The delivery arrived much later than promised and customer service would not cooperate when I asked for an update. Synthetic demo case for testing the complaint-triage prototype. Case reference DEMO-0372.,2025-05-09,service_quality
DEMO-CMP-0373,Demo Citizen 0373,+961 00 000373,South Lebanon,Demo Butchery 043,I found mold and a rotten smell in a bakery product I purchased. The manager refused a refund even after I showed the receipt. This is a synthetic demo record created for the public portfolio dataset. Case reference DEMO-0373.,2025-07-21,food_safety
DEMO-CMP-0374,Demo Citizen 0374,+961 00 000374,South Lebanon,Demo Street Food Vendor 048,The item was advertised at a discount but the final bill included the full price and a hidden fee. This record is fictional and included only for software demonstration. Case reference DEMO-0374.,2026-04-12,price_fraud
DEMO-CMP-0375,Demo Citizen 0375,+961 00 000375,South Lebanon,Demo Beach Resort 052,The service included an unexpected hidden fee that was not shown before payment. I asked for an invoice and was refused. This is a synthetic demo record created for the public portfolio dataset. Case reference DEMO-0375.,2025-02-07,price_fraud
DEMO-CMP-0376,Demo Citizen 0376,+961 00 000376,Mount Lebanon,Demo Restaurant 096,The shelf showed one price but I was charged a higher price at checkout. I kept the receipt showing the price mismatch. This record is fictional and included only for software demonstration. Case reference DEMO-0376.,2025-09-01,price_fraud
DEMO-CMP-0377,Demo Citizen 0377,+961 00 000377,Bekaa,Demo Supermarket 124,A ready-to-eat meal appeared contaminated and caused nausea later that evening. I kept the leftover container as evidence. This record is fictional and included only for software demonstration. Case reference DEMO-0377.,2026-05-25,food_safety
DEMO-CMP-0378,Demo Citizen 0378,+961 00 000378,South Lebanon,Demo Sweets Bakery 074,The cooked chicken I received was pink chicken in the center and seemed unsafe. I took photos and asked the staff for help. Synthetic demo case for testing the complaint-triage prototype. Case reference DEMO-0378.,2025-09-27,food_safety
DEMO-CMP-0379,Demo Citizen 0379,+961 00 000379,Mount Lebanon,Demo Hotel Resort 110,The vendor appears unlicensed and is operating from a temporary stand without a permit. This is a synthetic demo record created for the public portfolio dataset. Case reference DEMO-0379.,2026-05-31,licensing
DEMO-CMP-0380,Demo Citizen 0380,+961 00 000380,North Lebanon,Demo Petrol Station 047,The establishment overcharged me compared with the displayed menu price and refused a refund. This record is fictional and included only for software demonstration. Case reference DEMO-0380.,2025-01-19,price_fraud
DEMO-CMP-0381,Demo Citizen 0381,+961 00 000381,Bekaa,Demo Pharmacy 026,I bought a packaged dairy item and found it spoiled with a sour smell even though the expiry date had not passed. I kept the product and receipt as evidence. Synthetic demo case for testing the complaint-triage prototype. Case reference DEMO-0381.,2025-07-13,food_safety
DEMO-CMP-0382,Demo Citizen 0382,+961 00 000382,Beirut,Demo Supermarket 009,The cashier would not provide a receipt after charging a higher price than the label displayed. Synthetic demo case for testing the complaint-triage prototype. Case reference DEMO-0382.,2025-12-05,price_fraud
DEMO-CMP-0383,Demo Citizen 0383,+961 00 000383,Beirut,Demo Sweets Bakery 010,I noticed a strong sewage smell and dirty standing water close to the food service area. This is a synthetic demo record created for the public portfolio dataset. Case reference DEMO-0383.,2025-05-19,hygiene
DEMO-CMP-0384,Demo Citizen 0384,+961 00 000384,Mount Lebanon,Demo Street Food Vendor 137,The establishment displayed no required certificate and staff refused to show any licensing documents. This is a synthetic demo record created for the public portfolio dataset. Case reference DEMO-0384.,2025-02-26,licensing
DEMO-CMP-0385,Demo Citizen 0385,+961 00 000385,Mount Lebanon,Demo Restaurant 001,"The preparation counter had grease, old food residue, and insects. Staff refused to clean it after customers complained. This record is fictional and included only for software demonstration. Case reference DEMO-0385.",2025-05-26,hygiene
DEMO-CMP-0386,Demo Citizen 0386,+961 00 000386,South Lebanon,Demo Swimming Pool Water Park 126,The swimming area had murky water and visible algae around the edges. The filter appeared broken. This record is fictional and included only for software demonstration. Case reference DEMO-0386.,2025-11-01,hygiene
DEMO-CMP-0387,Demo Citizen 0387,+961 00 000387,South Lebanon,Demo Hotel Resort 130,Food trays were left uncovered for a long period with flies nearby. No gloves were used while serving. Synthetic demo case for testing the complaint-triage prototype. Case reference DEMO-0387.,2025-11-12,hygiene
DEMO-CMP-0388,Demo Citizen 0388,+961 00 000388,South Lebanon,Demo Hotel Resort 132,The item was advertised at a discount but the final bill included the full price and a hidden fee. This record is fictional and included only for software demonstration. Case reference DEMO-0388.,2025-08-12,price_fraud
DEMO-CMP-0389,Demo Citizen 0389,+961 00 000389,North Lebanon,Demo Supermarket 090,The refrigerator display was warm and products requiring cooling were stored without proper refrigeration. Synthetic demo case for testing the complaint-triage prototype. Case reference DEMO-0389.,2025-11-30,hygiene
DEMO-CMP-0390,Demo Citizen 0390,+961 00 000390,Mount Lebanon,Demo Street Food Vendor 029,Food trays were left uncovered for a long period with flies nearby. No gloves were used while serving. This is a synthetic demo record created for the public portfolio dataset. Case reference DEMO-0390.,2026-07-26,hygiene
DEMO-CMP-0391,Demo Citizen 0391,+961 00 000391,Beirut,Demo Supermarket 030,"The preparation counter had grease, old food residue, and insects. Staff refused to clean it after customers complained. This record is fictional and included only for software demonstration. Case reference DEMO-0391.",2025-05-23,hygiene
DEMO-CMP-0392,Demo Citizen 0392,+961 00 000392,Mount Lebanon,Demo Beach Resort 034,The establishment overcharged me compared with the displayed menu price and refused a refund. This is a synthetic demo record created for the public portfolio dataset. Case reference DEMO-0392.,2025-02-22,price_fraud
DEMO-CMP-0393,Demo Citizen 0393,+961 00 000393,Mount Lebanon,Demo Pharmacy 040,The cooked chicken I received was pink chicken in the center and seemed unsafe. I took photos and asked the staff for help. This is a synthetic demo record created for the public portfolio dataset. Case reference DEMO-0393.,2025-04-27,food_safety
DEMO-CMP-0394,Demo Citizen 0394,+961 00 000394,Beirut,Demo Beach Resort 044,I saw cockroaches near the counter and the floor was filthy. Food was displayed uncovered beside the affected area. Synthetic demo case for testing the complaint-triage prototype. Case reference DEMO-0394.,2025-10-08,hygiene
DEMO-CMP-0395,Demo Citizen 0395,+961 00 000395,Mount Lebanon,Demo Petrol Station 045,I observed rats near stored food boxes behind the service area. I took a photo and told the manager. This record is fictional and included only for software demonstration. Case reference DEMO-0395.,2025-12-22,hygiene
DEMO-CMP-0396,Demo Citizen 0396,+961 00 000396,Beirut,Demo Restaurant 050,Food trays were left uncovered for a long period with flies nearby. No gloves were used while serving. This record is fictional and included only for software demonstration. Case reference DEMO-0396.,2026-05-13,hygiene
DEMO-CMP-0397,Demo Citizen 0397,+961 00 000397,North Lebanon,Demo Pharmacy 011,I asked to see the health permit and was told there was no certificate available at the location. This is a synthetic demo record created for the public portfolio dataset. Case reference DEMO-0397.,2026-05-03,licensing
DEMO-CMP-0398,Demo Citizen 0398,+961 00 000398,North Lebanon,Demo Butchery 023,My order was incomplete and staff refused to help when I reported the missing item. This record is fictional and included only for software demonstration. Case reference DEMO-0398.,2026-03-20,service_quality
DEMO-CMP-0399,Demo Citizen 0399,+961 00 000399,Mount Lebanon,Demo Butchery 067,I observed rats near stored food boxes behind the service area. I took a photo and told the manager. This is a synthetic demo record created for the public portfolio dataset. Case reference DEMO-0399.,2025-12-23,hygiene
DEMO-CMP-0400,Demo Citizen 0400,+961 00 000400,North Lebanon,Demo Supermarket 037,Employees handled raw meat and ready-to-eat food using the same tools. The preparation surface was visibly dirty. This record is fictional and included only for software demonstration. Case reference DEMO-0400.,2025-01-21,hygiene
DEMO-CMP-0401,Demo Citizen 0401,+961 00 000401,Bekaa,Demo Catering Delivery 020,I observed rats near stored food boxes behind the service area. I took a photo and told the manager. This record is fictional and included only for software demonstration. Case reference DEMO-0401.,2025-08-11,hygiene
DEMO-CMP-0402,Demo Citizen 0402,+961 00 000402,South Lebanon,Demo Restaurant 057,Employees handled raw meat and ready-to-eat food using the same tools. The preparation surface was visibly dirty. Synthetic demo case for testing the complaint-triage prototype. Case reference DEMO-0402.,2026-03-31,hygiene
DEMO-CMP-0403,Demo Citizen 0403,+961 00 000403,Bekaa,Demo Swimming Pool Water Park 027,The service is being offered without a license and there is no visible permit or registration information. Synthetic demo case for testing the complaint-triage prototype. Case reference DEMO-0403.,2025-02-20,licensing
DEMO-CMP-0404,Demo Citizen 0404,+961 00 000404,Mount Lebanon,Demo Beach Resort 081,The service included an unexpected hidden fee that was not shown before payment. I asked for an invoice and was refused. This is a synthetic demo record created for the public portfolio dataset. Case reference DEMO-0404.,2025-03-22,price_fraud
DEMO-CMP-0405,Demo Citizen 0405,+961 00 000405,South Lebanon,Demo Pharmacy 077,A refrigerated product was still on the shelf past its expiry date. The package was bloated and had a bad smell when opened. Synthetic demo case for testing the complaint-triage prototype. Case reference DEMO-0405.,2025-07-01,food_safety
DEMO-CMP-0406,Demo Citizen 0406,+961 00 000406,Mount Lebanon,Demo Supermarket 087,The delivery arrived much later than promised and customer service would not cooperate when I asked for an update. This record is fictional and included only for software demonstration. Case reference DEMO-0406.,2025-03-18,service_quality
DEMO-CMP-0407,Demo Citizen 0407,+961 00 000407,Beirut,Demo Restaurant 083,The refrigerator display was warm and products requiring cooling were stored without proper refrigeration. This record is fictional and included only for software demonstration. Case reference DEMO-0407.,2025-11-11,hygiene
DEMO-CMP-0408,Demo Citizen 0408,+961 00 000408,North Lebanon,Demo Swimming Pool Water Park 071,"After eating a prepared chicken meal, I developed vomiting and stomach cramps. My family had similar symptoms and a doctor said it could be food poisoning. Synthetic demo case for testing the complaint-triage prototype. Case reference DEMO-0408.",2026-06-19,food_safety
DEMO-CMP-0409,Demo Citizen 0409,+961 00 000409,Beirut,Demo Restaurant 086,The business appears to be operating without a license. Staff could not show a permit when I asked. This record is fictional and included only for software demonstration. Case reference DEMO-0409.,2025-04-23,licensing
DEMO-CMP-0410,Demo Citizen 0410,+961 00 000410,North Lebanon,Demo Pharmacy 084,The meat I purchased had a chemical smell and looked unsafe. The establishment dismissed my concern and would not cooperate. Synthetic demo case for testing the complaint-triage prototype. Case reference DEMO-0410.,2025-07-31,food_safety
DEMO-CMP-0411,Demo Citizen 0411,+961 00 000411,North Lebanon,Demo Supermarket 090,The shelf showed one price but I was charged a higher price at checkout. I kept the receipt showing the price mismatch. This record is fictional and included only for software demonstration. Case reference DEMO-0411.,2025-12-14,price_fraud
DEMO-CMP-0412,Demo Citizen 0412,+961 00 000412,South Lebanon,Demo Swimming Pool Water Park 126,"I asked for the required operating certificate, but the manager said it was missing and dismissed my concern. This is a synthetic demo record created for the public portfolio dataset. Case reference DEMO-0412.",2025-11-11,licensing
DEMO-CMP-0413,Demo Citizen 0413,+961 00 000413,Bekaa,Demo Restaurant 141,"I asked for the required operating certificate, but the manager said it was missing and dismissed my concern. This record is fictional and included only for software demonstration. Case reference DEMO-0413.",2026-04-10,licensing
DEMO-CMP-0414,Demo Citizen 0414,+961 00 000414,Mount Lebanon,Demo Hotel Resort 118,I was charged twice for the same item on the invoice. Staff ignored the error when I asked for a correction. This record is fictional and included only for software demonstration. Case reference DEMO-0414.,2025-04-01,price_fraud
DEMO-CMP-0415,Demo Citizen 0415,+961 00 000415,North Lebanon,Demo Swimming Pool Water Park 133,The service counter closed early without notice and staff refused to help customers who were already waiting. This is a synthetic demo record created for the public portfolio dataset. Case reference DEMO-0415.,2025-09-24,service_quality
DEMO-CMP-0416,Demo Citizen 0416,+961 00 000416,North Lebanon,Demo Restaurant 136,Food trays were left uncovered for a long period with flies nearby. No gloves were used while serving. This record is fictional and included only for software demonstration. Case reference DEMO-0416.,2025-05-07,hygiene
DEMO-CMP-0417,Demo Citizen 0417,+961 00 000417,Mount Lebanon,Demo Restaurant 001,The establishment displayed no required certificate and staff refused to show any licensing documents. This record is fictional and included only for software demonstration. Case reference DEMO-0417.,2025-09-28,licensing
DEMO-CMP-0418,Demo Citizen 0418,+961 00 000418,South Lebanon,Demo Toys Children 005,The delivery arrived much later than promised and customer service would not cooperate when I asked for an update. This record is fictional and included only for software demonstration. Case reference DEMO-0418.,2025-01-06,service_quality
DEMO-CMP-0419,Demo Citizen 0419,+961 00 000419,Mount Lebanon,Demo Catering Delivery 006,Several people at our table became sick with diarrhea after eating the same dish. We visited a clinic and kept the receipt. This is a synthetic demo record created for the public portfolio dataset. Case reference DEMO-0419.,2026-07-19,food_safety
DEMO-CMP-0420,Demo Citizen 0420,+961 00 000420,South Lebanon,Demo Restaurant 016,I saw cockroaches near the counter and the floor was filthy. Food was displayed uncovered beside the affected area. This is a synthetic demo record created for the public portfolio dataset. Case reference DEMO-0420.,2025-08-19,hygiene
DEMO-CMP-0421,Demo Citizen 0421,+961 00 000421,Bekaa,Demo Butchery 012,The employee was dismissive when I asked for help with a return and refused to explain the store policy. This is a synthetic demo record created for the public portfolio dataset. Case reference DEMO-0421.,2025-02-07,service_quality
DEMO-CMP-0422,Demo Citizen 0422,+961 00 000422,South Lebanon,Demo Street Food Vendor 036,The staff provided conflicting information and ignored repeated requests to speak with a supervisor. This record is fictional and included only for software demonstration. Case reference DEMO-0422.,2025-09-16,service_quality
DEMO-CMP-0423,Demo Citizen 0423,+961 00 000423,North Lebanon,Demo Restaurant 038,The service is being offered without a license and there is no visible permit or registration information. This is a synthetic demo record created for the public portfolio dataset. Case reference DEMO-0423.,2025-05-31,licensing
DEMO-CMP-0424,Demo Citizen 0424,+961 00 000424,Beirut,Demo Street Food Vendor 119,I saw cockroaches near the counter and the floor was filthy. Food was displayed uncovered beside the affected area. Synthetic demo case for testing the complaint-triage prototype. Case reference DEMO-0424.,2026-03-29,hygiene
DEMO-CMP-0425,Demo Citizen 0425,+961 00 000425,North Lebanon,Demo Catering Delivery 049,The delivery arrived much later than promised and customer service would not cooperate when I asked for an update. This record is fictional and included only for software demonstration. Case reference DEMO-0425.,2025-11-23,service_quality
DEMO-CMP-0426,Demo Citizen 0426,+961 00 000426,Mount Lebanon,Demo Street Food Vendor 041,The staff provided conflicting information and ignored repeated requests to speak with a supervisor. This is a synthetic demo record created for the public portfolio dataset. Case reference DEMO-0426.,2026-01-04,service_quality
DEMO-CMP-0427,Demo Citizen 0427,+961 00 000427,Mount Lebanon,Demo Petrol Station 045,The package weight printed on the label did not match the actual amount. I have photos and the receipt. Synthetic demo case for testing the complaint-triage prototype. Case reference DEMO-0427.,2025-10-04,price_fraud
DEMO-CMP-0428,Demo Citizen 0428,+961 00 000428,Mount Lebanon,Demo Beach Resort 061,Employees handled raw meat and ready-to-eat food using the same tools. The preparation surface was visibly dirty. Synthetic demo case for testing the complaint-triage prototype. Case reference DEMO-0428.,2026-04-04,hygiene
DEMO-CMP-0429,Demo Citizen 0429,+961 00 000429,Bekaa,Demo Catering Delivery 020,"The restroom and dining area were dirty, with overflowing waste and a strong bad smell. Staff ignored my complaint. This is a synthetic demo record created for the public portfolio dataset. Case reference DEMO-0429.",2026-07-19,hygiene
DEMO-CMP-0430,Demo Citizen 0430,+961 00 000430,Bekaa,Demo Pharmacy 026,The meat I purchased had a chemical smell and looked unsafe. The establishment dismissed my concern and would not cooperate. This is a synthetic demo record created for the public portfolio dataset. Case reference DEMO-0430.,2026-02-04,food_safety
DEMO-CMP-0431,Demo Citizen 0431,+961 00 000431,North Lebanon,Demo Restaurant 079,The food preparation area looked dirty and I saw flies around uncovered food. Staff were handling raw meat without gloves. Synthetic demo case for testing the complaint-triage prototype. Case reference DEMO-0431.,2026-04-09,hygiene
DEMO-CMP-0432,Demo Citizen 0432,+961 00 000432,Beirut,Demo Sweets Bakery 134,The establishment displayed no required certificate and staff refused to show any licensing documents. Synthetic demo case for testing the complaint-triage prototype. Case reference DEMO-0432.,2026-03-09,licensing
DEMO-CMP-0433,Demo Citizen 0433,+961 00 000433,South Lebanon,Demo Restaurant 098,The service is being offered without a license and there is no visible permit or registration information. This record is fictional and included only for software demonstration. Case reference DEMO-0433.,2026-05-21,licensing
DEMO-CMP-0434,Demo Citizen 0434,+961 00 000434,North Lebanon,Demo Petrol Station 093,A product was marketed with a misleading promotion and the final price was much higher than advertised. This is a synthetic demo record created for the public portfolio dataset. Case reference DEMO-0434.,2026-04-12,price_fraud
DEMO-CMP-0435,Demo Citizen 0435,+961 00 000435,Bekaa,Demo Butchery 012,"After eating a prepared chicken meal, I developed vomiting and stomach cramps. My family had similar symptoms and a doctor said it could be food poisoning. This is a synthetic demo record created for the public portfolio dataset. Case reference DEMO-0435.",2026-07-03,food_safety
DEMO-CMP-0436,Demo Citizen 0436,+961 00 000436,North Lebanon,Demo Beach Resort 128,The refrigerator display was warm and products requiring cooling were stored without proper refrigeration. Synthetic demo case for testing the complaint-triage prototype. Case reference DEMO-0436.,2026-07-30,hygiene
DEMO-CMP-0437,Demo Citizen 0437,+961 00 000437,Beirut,Demo Sweets Bakery 010,The food preparation area looked dirty and I saw flies around uncovered food. Staff were handling raw meat without gloves. This record is fictional and included only for software demonstration. Case reference DEMO-0437.,2026-06-29,hygiene
DEMO-CMP-0438,Demo Citizen 0438,+961 00 000438,North Lebanon,Demo Restaurant 136,I bought a packaged dairy item and found it spoiled with a sour smell even though the expiry date had not passed. I kept the product and receipt as evidence. This is a synthetic demo record created for the public portfolio dataset. Case reference DEMO-0438.,2025-06-05,food_safety
DEMO-CMP-0439,Demo Citizen 0439,+961 00 000439,Mount Lebanon,Demo Restaurant 088,I believe the product was counterfeit because the packaging and label did not match the item advertised. I kept the receipt. This is a synthetic demo record created for the public portfolio dataset. Case reference DEMO-0439.,2025-04-16,price_fraud
DEMO-CMP-0440,Demo Citizen 0440,+961 00 000440,Bekaa,Demo Supermarket 124,The service is being offered without a license and there is no visible permit or registration information. This record is fictional and included only for software demonstration. Case reference DEMO-0440.,2025-03-26,licensing
DEMO-CMP-0441,Demo Citizen 0441,+961 00 000441,North Lebanon,Demo Pharmacy 011,I was charged twice for the same item on the invoice. Staff ignored the error when I asked for a correction. This is a synthetic demo record created for the public portfolio dataset. Case reference DEMO-0441.,2025-01-03,price_fraud
DEMO-CMP-0442,Demo Citizen 0442,+961 00 000442,Mount Lebanon,Demo Cosmetics Beauty 102,Several people at our table became sick with diarrhea after eating the same dish. We visited a clinic and kept the receipt. This is a synthetic demo record created for the public portfolio dataset. Case reference DEMO-0442.,2025-08-15,food_safety
DEMO-CMP-0443,Demo Citizen 0443,+961 00 000443,Beirut,Demo Butchery 025,I asked to see the health permit and was told there was no certificate available at the location. This record is fictional and included only for software demonstration. Case reference DEMO-0443.,2025-03-22,licensing
DEMO-CMP-0444,Demo Citizen 0444,+961 00 000444,Mount Lebanon,Demo Beach Resort 111,The meat I purchased had a chemical smell and looked unsafe. The establishment dismissed my concern and would not cooperate. This is a synthetic demo record created for the public portfolio dataset. Case reference DEMO-0444.,2026-01-22,food_safety
DEMO-CMP-0445,Demo Citizen 0445,+961 00 000445,Beirut,Demo Supermarket 030,A product was marketed with a misleading promotion and the final price was much higher than advertised. Synthetic demo case for testing the complaint-triage prototype. Case reference DEMO-0445.,2025-07-06,price_fraud
DEMO-CMP-0446,Demo Citizen 0446,+961 00 000446,North Lebanon,Demo Petrol Station 047,The establishment displayed no required certificate and staff refused to show any licensing documents. Synthetic demo case for testing the complaint-triage prototype. Case reference DEMO-0446.,2025-11-29,licensing
DEMO-CMP-0447,Demo Citizen 0447,+961 00 000447,Bekaa,Demo Supermarket 124,The establishment displayed no required certificate and staff refused to show any licensing documents. This is a synthetic demo record created for the public portfolio dataset. Case reference DEMO-0447.,2025-04-09,licensing
DEMO-CMP-0448,Demo Citizen 0448,+961 00 000448,South Lebanon,Demo Street Food Vendor 036,A refrigerated product was still on the shelf past its expiry date. The package was bloated and had a bad smell when opened. Synthetic demo case for testing the complaint-triage prototype. Case reference DEMO-0448.,2025-05-17,food_safety
DEMO-CMP-0449,Demo Citizen 0449,+961 00 000449,North Lebanon,Demo Supermarket 054,Several people at our table became sick with diarrhea after eating the same dish. We visited a clinic and kept the receipt. Synthetic demo case for testing the complaint-triage prototype. Case reference DEMO-0449.,2025-08-17,food_safety
DEMO-CMP-0450,Demo Citizen 0450,+961 00 000450,Beirut,Demo Restaurant 050,I purchased frozen food that was partly warm and the store refrigerator appeared to have no refrigeration. The product smelled spoiled. This record is fictional and included only for software demonstration. Case reference DEMO-0450.,2025-11-12,food_safety
DEMO-CMP-0451,Demo Citizen 0451,+961 00 000451,Beirut,Demo Hotel Resort 053,I believe the product was counterfeit because the packaging and label did not match the item advertised. I kept the receipt. Synthetic demo case for testing the complaint-triage prototype. Case reference DEMO-0451.,2025-03-30,price_fraud
DEMO-CMP-0452,Demo Citizen 0452,+961 00 000452,Mount Lebanon,Demo Restaurant 019,I bought a packaged dairy item and found it spoiled with a sour smell even though the expiry date had not passed. I kept the product and receipt as evidence. This is a synthetic demo record created for the public portfolio dataset. Case reference DEMO-0452.,2025-07-29,food_safety
DEMO-CMP-0453,Demo Citizen 0453,+961 00 000453,Beirut,Demo Street Food Vendor 058,The operator refused to show a license or certificate and told me the documents were not available. This is a synthetic demo record created for the public portfolio dataset. Case reference DEMO-0453.,2025-03-26,licensing
DEMO-CMP-0454,Demo Citizen 0454,+961 00 000454,South Lebanon,Demo Restaurant 057,I waited a long time for assistance and staff repeatedly ignored my request even though the store was not busy. This record is fictional and included only for software demonstration. Case reference DEMO-0454.,2026-01-31,service_quality
DEMO-CMP-0455,Demo Citizen 0455,+961 00 000455,Bekaa,Demo Restaurant 141,The employee was dismissive when I asked for help with a return and refused to explain the store policy. Synthetic demo case for testing the complaint-triage prototype. Case reference DEMO-0455.,2025-10-17,service_quality
DEMO-CMP-0456,Demo Citizen 0456,+961 00 000456,Beirut,Demo Sweets Bakery 069,I noticed a strong sewage smell and dirty standing water close to the food service area. Synthetic demo case for testing the complaint-triage prototype. Case reference DEMO-0456.,2025-05-26,hygiene
DEMO-CMP-0457,Demo Citizen 0457,+961 00 000457,South Lebanon,Demo Pharmacy 077,I received the wrong item and the employee became aggressive when I politely requested an exchange. This record is fictional and included only for software demonstration. Case reference DEMO-0457.,2025-06-14,service_quality
DEMO-CMP-0458,Demo Citizen 0458,+961 00 000458,North Lebanon,Demo Beach Resort 128,I was charged twice for the same item on the invoice. Staff ignored the error when I asked for a correction. Synthetic demo case for testing the complaint-triage prototype. Case reference DEMO-0458.,2026-05-09,price_fraud
DEMO-CMP-0459,Demo Citizen 0459,+961 00 000459,Bekaa,Demo Swimming Pool Water Park 027,Several people at our table became sick with diarrhea after eating the same dish. We visited a clinic and kept the receipt. This record is fictional and included only for software demonstration. Case reference DEMO-0459.,2025-10-13,food_safety
DEMO-CMP-0460,Demo Citizen 0460,+961 00 000460,Beirut,Demo Retail Services 078,The cooked chicken I received was pink chicken in the center and seemed unsafe. I took photos and asked the staff for help. This is a synthetic demo record created for the public portfolio dataset. Case reference DEMO-0460.,2026-02-06,food_safety
DEMO-CMP-0461,Demo Citizen 0461,+961 00 000461,North Lebanon,Demo Butchery 138,The delivery arrived much later than promised and customer service would not cooperate when I asked for an update. Synthetic demo case for testing the complaint-triage prototype. Case reference DEMO-0461.,2026-05-22,service_quality
DEMO-CMP-0462,Demo Citizen 0462,+961 00 000462,Bekaa,Demo Restaurant 141,I purchased frozen food that was partly warm and the store refrigerator appeared to have no refrigeration. The product smelled spoiled. This record is fictional and included only for software demonstration. Case reference DEMO-0462.,2026-01-12,food_safety
DEMO-CMP-0463,Demo Citizen 0463,+961 00 000463,Mount Lebanon,Demo Butchery 067,The food preparation area looked dirty and I saw flies around uncovered food. Staff were handling raw meat without gloves. This is a synthetic demo record created for the public portfolio dataset. Case reference DEMO-0463.,2026-02-13,hygiene
DEMO-CMP-0464,Demo Citizen 0464,+961 00 000464,North Lebanon,Demo Butchery 023,The service included an unexpected hidden fee that was not shown before payment. I asked for an invoice and was refused. Synthetic demo case for testing the complaint-triage prototype. Case reference DEMO-0464.,2025-05-11,price_fraud
DEMO-CMP-0465,Demo Citizen 0465,+961 00 000465,Bekaa,Demo Pharmacy 026,The service is being offered without a license and there is no visible permit or registration information. This is a synthetic demo record created for the public portfolio dataset. Case reference DEMO-0465.,2025-01-19,licensing
DEMO-CMP-0466,Demo Citizen 0466,+961 00 000466,Bekaa,Demo Swimming Pool Water Park 027,I purchased frozen food that was partly warm and the store refrigerator appeared to have no refrigeration. The product smelled spoiled. This is a synthetic demo record created for the public portfolio dataset. Case reference DEMO-0466.,2025-08-20,food_safety
DEMO-CMP-0467,Demo Citizen 0467,+961 00 000467,Beirut,Demo Catering Delivery 097,I waited a long time for assistance and staff repeatedly ignored my request even though the store was not busy. This is a synthetic demo record created for the public portfolio dataset. Case reference DEMO-0467.,2026-04-20,service_quality
DEMO-CMP-0468,Demo Citizen 0468,+961 00 000468,North Lebanon,Demo Petrol Station 047,I was told the business is operating illegally while its permit renewal is still unresolved. This record is fictional and included only for software demonstration. Case reference DEMO-0468.,2025-05-23,licensing
DEMO-CMP-0469,Demo Citizen 0469,+961 00 000469,Bekaa,Demo Restaurant 141,I bought a packaged dairy item and found it spoiled with a sour smell even though the expiry date had not passed. I kept the product and receipt as evidence. This is a synthetic demo record created for the public portfolio dataset. Case reference DEMO-0469.,2025-02-23,food_safety
DEMO-CMP-0470,Demo Citizen 0470,+961 00 000470,Beirut,Demo Electronics 104,There is no visible health permit and employees could not confirm that the establishment is licensed. Synthetic demo case for testing the complaint-triage prototype. Case reference DEMO-0470.,2026-05-25,licensing
DEMO-CMP-0471,Demo Citizen 0471,+961 00 000471,Bekaa,Demo Catering Delivery 020,I waited a long time for assistance and staff repeatedly ignored my request even though the store was not busy. Synthetic demo case for testing the complaint-triage prototype. Case reference DEMO-0471.,2025-06-28,service_quality
DEMO-CMP-0472,Demo Citizen 0472,+961 00 000472,Bekaa,Demo Pharmacy 026,"After eating a prepared chicken meal, I developed vomiting and stomach cramps. My family had similar symptoms and a doctor said it could be food poisoning. Synthetic demo case for testing the complaint-triage prototype. Case reference DEMO-0472.",2026-03-11,food_safety
DEMO-CMP-0473,Demo Citizen 0473,+961 00 000473,North Lebanon,Demo Hotel Resort 060,The business appears to be operating without a license. Staff could not show a permit when I asked. This record is fictional and included only for software demonstration. Case reference DEMO-0473.,2026-07-21,licensing
DEMO-CMP-0474,Demo Citizen 0474,+961 00 000474,Mount Lebanon,Demo Cosmetics Beauty 102,I was charged twice for the same item on the invoice. Staff ignored the error when I asked for a correction. This record is fictional and included only for software demonstration. Case reference DEMO-0474.,2026-06-29,price_fraud
DEMO-CMP-0475,Demo Citizen 0475,+961 00 000475,North Lebanon,Demo Restaurant 079,The swimming area had murky water and visible algae around the edges. The filter appeared broken. Synthetic demo case for testing the complaint-triage prototype. Case reference DEMO-0475.,2026-07-27,hygiene
DEMO-CMP-0476,Demo Citizen 0476,+961 00 000476,South Lebanon,Demo Catering Delivery 042,I received the wrong item and the employee became aggressive when I politely requested an exchange. This record is fictional and included only for software demonstration. Case reference DEMO-0476.,2025-01-14,service_quality
DEMO-CMP-0477,Demo Citizen 0477,+961 00 000477,Beirut,Demo Catering Delivery 117,I was charged twice for the same item on the invoice. Staff ignored the error when I asked for a correction. Synthetic demo case for testing the complaint-triage prototype. Case reference DEMO-0477.,2026-04-11,price_fraud
DEMO-CMP-0478,Demo Citizen 0478,+961 00 000478,North Lebanon,Demo Petrol Station 093,My order was incomplete and staff refused to help when I reported the missing item. Synthetic demo case for testing the complaint-triage prototype. Case reference DEMO-0478.,2025-10-14,service_quality
DEMO-CMP-0479,Demo Citizen 0479,+961 00 000479,Beirut,Demo Sweets Bakery 120,The refrigerator display was warm and products requiring cooling were stored without proper refrigeration. This record is fictional and included only for software demonstration. Case reference DEMO-0479.,2025-05-31,hygiene
DEMO-CMP-0480,Demo Citizen 0480,+961 00 000480,Beirut,Demo Restaurant 121,The vendor appears unlicensed and is operating from a temporary stand without a permit. This is a synthetic demo record created for the public portfolio dataset. Case reference DEMO-0480.,2026-01-02,licensing
DEMO-CMP-0481,Demo Citizen 0481,+961 00 000481,Mount Lebanon,Demo Restaurant 001,The shelf showed one price but I was charged a higher price at checkout. I kept the receipt showing the price mismatch. This record is fictional and included only for software demonstration. Case reference DEMO-0481.,2025-12-17,price_fraud
DEMO-CMP-0482,Demo Citizen 0482,+961 00 000482,South Lebanon,Demo Sweets Bakery 074,The service included an unexpected hidden fee that was not shown before payment. I asked for an invoice and was refused. Synthetic demo case for testing the complaint-triage prototype. Case reference DEMO-0482.,2025-10-10,price_fraud
DEMO-CMP-0483,Demo Citizen 0483,+961 00 000483,Bekaa,Demo Restaurant 141,A product was marketed with a misleading promotion and the final price was much higher than advertised. This record is fictional and included only for software demonstration. Case reference DEMO-0483.,2025-04-22,price_fraud
DEMO-CMP-0484,Demo Citizen 0484,+961 00 000484,Bekaa,Demo Butchery 012,I believe the product was counterfeit because the packaging and label did not match the item advertised. I kept the receipt. This is a synthetic demo record created for the public portfolio dataset. Case reference DEMO-0484.,2025-06-16,price_fraud
DEMO-CMP-0485,Demo Citizen 0485,+961 00 000485,Mount Lebanon,Demo Sweets Bakery 022,I received the wrong item and the employee became aggressive when I politely requested an exchange. This is a synthetic demo record created for the public portfolio dataset. Case reference DEMO-0485.,2025-01-12,service_quality
DEMO-CMP-0486,Demo Citizen 0486,+961 00 000486,North Lebanon,Demo Butchery 023,The cashier would not provide a receipt after charging a higher price than the label displayed. This record is fictional and included only for software demonstration. Case reference DEMO-0486.,2026-04-19,price_fraud
DEMO-CMP-0487,Demo Citizen 0487,+961 00 000487,North Lebanon,Demo Supermarket 032,"The preparation counter had grease, old food residue, and insects. Staff refused to clean it after customers complained. Synthetic demo case for testing the complaint-triage prototype. Case reference DEMO-0487.",2026-01-15,hygiene
DEMO-CMP-0488,Demo Citizen 0488,+961 00 000488,Beirut,Demo Sweets Bakery 007,The cooked chicken I received was pink chicken in the center and seemed unsafe. I took photos and asked the staff for help. This is a synthetic demo record created for the public portfolio dataset. Case reference DEMO-0488.,2025-05-24,food_safety
DEMO-CMP-0489,Demo Citizen 0489,+961 00 000489,Beirut,Demo Restaurant 008,I booked a service appointment but no one was available at the scheduled time and the staff ignored my complaint. Synthetic demo case for testing the complaint-triage prototype. Case reference DEMO-0489.,2025-08-27,service_quality
DEMO-CMP-0490,Demo Citizen 0490,+961 00 000490,Bekaa,Demo Restaurant 141,I paid for one kilogram of goods but my home scale showed a short weight. The receipt lists the full kilogram price. This record is fictional and included only for software demonstration. Case reference DEMO-0490.,2025-03-14,price_fraud
DEMO-CMP-0491,Demo Citizen 0491,+961 00 000491,North Lebanon,Demo Catering Delivery 049,There is no visible health permit and employees could not confirm that the establishment is licensed. This is a synthetic demo record created for the public portfolio dataset. Case reference DEMO-0491.,2025-01-19,licensing
DEMO-CMP-0492,Demo Citizen 0492,+961 00 000492,Bekaa,Demo Catering Delivery 020,I booked a service appointment but no one was available at the scheduled time and the staff ignored my complaint. This record is fictional and included only for software demonstration. Case reference DEMO-0492.,2025-03-13,service_quality
DEMO-CMP-0493,Demo Citizen 0493,+961 00 000493,Mount Lebanon,Demo Butchery 064,A refrigerated product was still on the shelf past its expiry date. The package was bloated and had a bad smell when opened. Synthetic demo case for testing the complaint-triage prototype. Case reference DEMO-0493.,2025-09-08,food_safety
DEMO-CMP-0494,Demo Citizen 0494,+961 00 000494,Bekaa,Demo Swimming Pool Water Park 027,The cooked chicken I received was pink chicken in the center and seemed unsafe. I took photos and asked the staff for help. This record is fictional and included only for software demonstration. Case reference DEMO-0494.,2025-09-02,food_safety
DEMO-CMP-0495,Demo Citizen 0495,+961 00 000495,Mount Lebanon,Demo Butchery 067,I waited a long time for assistance and staff repeatedly ignored my request even though the store was not busy. This record is fictional and included only for software demonstration. Case reference DEMO-0495.,2025-07-30,service_quality
DEMO-CMP-0496,Demo Citizen 0496,+961 00 000496,Beirut,Demo Butchery 021,The operator refused to show a license or certificate and told me the documents were not available. Synthetic demo case for testing the complaint-triage prototype. Case reference DEMO-0496.,2025-10-17,licensing
DEMO-CMP-0497,Demo Citizen 0497,+961 00 000497,Beirut,Demo Butchery 025,There is no visible health permit and employees could not confirm that the establishment is licensed. Synthetic demo case for testing the complaint-triage prototype. Case reference DEMO-0497.,2025-03-02,licensing
DEMO-CMP-0498,Demo Citizen 0498,+961 00 000498,Bekaa,Demo Butchery 012,"After eating a prepared chicken meal, I developed vomiting and stomach cramps. My family had similar symptoms and a doctor said it could be food poisoning. Synthetic demo case for testing the complaint-triage prototype. Case reference DEMO-0498.",2025-09-08,food_safety
DEMO-CMP-0499,Demo Citizen 0499,+961 00 000499,Bekaa,Demo Catering Delivery 020,The item was advertised at a discount but the final bill included the full price and a hidden fee. This record is fictional and included only for software demonstration. Case reference DEMO-0499.,2025-11-14,price_fraud
DEMO-CMP-0500,Demo Citizen 0500,+961 00 000500,Bekaa,Demo Pharmacy 026,Several people at our table became sick with diarrhea after eating the same dish. We visited a clinic and kept the receipt. This is a synthetic demo record created for the public portfolio dataset. Case reference DEMO-0500.,2025-01-29,food_safety
DEMO-CMP-0501,Demo Citizen 0501,+961 00 000501,Bekaa,Demo Swimming Pool Water Park 027,The vendor appears unlicensed and is operating from a temporary stand without a permit. Synthetic demo case for testing the complaint-triage prototype. Case reference DEMO-0501.,2026-06-10,licensing
DEMO-CMP-0502,Demo Citizen 0502,+961 00 000502,Mount Lebanon,Demo Supermarket 087,I received the wrong item and the employee became aggressive when I politely requested an exchange. Synthetic demo case for testing the complaint-triage prototype. Case reference DEMO-0502.,2025-06-13,service_quality
DEMO-CMP-0503,Demo Citizen 0503,+961 00 000503,Mount Lebanon,Demo Restaurant 088,I asked to see the health permit and was told there was no certificate available at the location. This is a synthetic demo record created for the public portfolio dataset. Case reference DEMO-0503.,2026-06-09,licensing
DEMO-CMP-0504,Demo Citizen 0504,+961 00 000504,South Lebanon,Demo Street Food Vendor 048,I saw cockroaches near the counter and the floor was filthy. Food was displayed uncovered beside the affected area. This record is fictional and included only for software demonstration. Case reference DEMO-0504.,2025-10-09,hygiene
DEMO-CMP-0505,Demo Citizen 0505,+961 00 000505,Bekaa,Demo Butchery 012,The cashier would not provide a receipt after charging a higher price than the label displayed. This is a synthetic demo record created for the public portfolio dataset. Case reference DEMO-0505.,2025-01-16,price_fraud
DEMO-CMP-0506,Demo Citizen 0506,+961 00 000506,South Lebanon,Demo Restaurant 057,I believe the product was counterfeit because the packaging and label did not match the item advertised. I kept the receipt. This record is fictional and included only for software demonstration. Case reference DEMO-0506.,2026-01-14,price_fraud
DEMO-CMP-0507,Demo Citizen 0507,+961 00 000507,Mount Lebanon,Demo Hotel Resort 110,There is no visible health permit and employees could not confirm that the establishment is licensed. This is a synthetic demo record created for the public portfolio dataset. Case reference DEMO-0507.,2025-11-06,licensing
DEMO-CMP-0508,Demo Citizen 0508,+961 00 000508,Beirut,Demo Petrol Station 059,"I asked for the required operating certificate, but the manager said it was missing and dismissed my concern. Synthetic demo case for testing the complaint-triage prototype. Case reference DEMO-0508.",2025-04-04,licensing
DEMO-CMP-0509,Demo Citizen 0509,+961 00 000509,Mount Lebanon,Demo Restaurant 114,The establishment displayed no required certificate and staff refused to show any licensing documents. This is a synthetic demo record created for the public portfolio dataset. Case reference DEMO-0509.,2026-01-02,licensing
DEMO-CMP-0510,Demo Citizen 0510,+961 00 000510,Beirut,Demo Sweets Bakery 069,A product was marketed with a misleading promotion and the final price was much higher than advertised. This is a synthetic demo record created for the public portfolio dataset. Case reference DEMO-0510.,2025-07-04,price_fraud
DEMO-CMP-0511,Demo Citizen 0511,+961 00 000511,Bekaa,Demo Restaurant 141,I booked a service appointment but no one was available at the scheduled time and the staff ignored my complaint. Synthetic demo case for testing the complaint-triage prototype. Case reference DEMO-0511.,2026-05-01,service_quality
DEMO-CMP-0512,Demo Citizen 0512,+961 00 000512,North Lebanon,Demo Petrol Station 047,The employee was dismissive when I asked for help with a return and refused to explain the store policy. This is a synthetic demo record created for the public portfolio dataset. Case reference DEMO-0512.,2025-06-01,service_quality
DEMO-CMP-0513,Demo Citizen 0513,+961 00 000513,Beirut,Demo Butchery 073,I booked a service appointment but no one was available at the scheduled time and the staff ignored my complaint. Synthetic demo case for testing the complaint-triage prototype. Case reference DEMO-0513.,2026-01-10,service_quality
DEMO-CMP-0514,Demo Citizen 0514,+961 00 000514,South Lebanon,Demo Petrol Station 108,The cooked chicken I received was pink chicken in the center and seemed unsafe. I took photos and asked the staff for help. Synthetic demo case for testing the complaint-triage prototype. Case reference DEMO-0514.,2025-01-01,food_safety
DEMO-CMP-0515,Demo Citizen 0515,+961 00 000515,North Lebanon,Demo Supermarket 054,The cashier would not provide a receipt after charging a higher price than the label displayed. This record is fictional and included only for software demonstration. Case reference DEMO-0515.,2025-01-09,price_fraud
DEMO-CMP-0516,Demo Citizen 0516,+961 00 000516,Mount Lebanon,Demo Restaurant 019,I found broken glass inside the outer packaging of a food product before serving it to my children. I took photos immediately. This is a synthetic demo record created for the public portfolio dataset. Case reference DEMO-0516.,2026-07-24,food_safety
DEMO-CMP-0517,Demo Citizen 0517,+961 00 000517,North Lebanon,Demo Hotel Resort 060,My order was incomplete and staff refused to help when I reported the missing item. This is a synthetic demo record created for the public portfolio dataset. Case reference DEMO-0517.,2025-03-21,service_quality
DEMO-CMP-0518,Demo Citizen 0518,+961 00 000518,Mount Lebanon,Demo Street Food Vendor 029,The item was advertised at a discount but the final bill included the full price and a hidden fee. This record is fictional and included only for software demonstration. Case reference DEMO-0518.,2025-10-26,price_fraud
DEMO-CMP-0519,Demo Citizen 0519,+961 00 000519,Beirut,Demo Pharmacy 091,The item was advertised at a discount but the final bill included the full price and a hidden fee. This record is fictional and included only for software demonstration. Case reference DEMO-0519.,2026-03-06,price_fraud
DEMO-CMP-0520,Demo Citizen 0520,+961 00 000520,Mount Lebanon,Demo Beach Resort 034,The shelf showed one price but I was charged a higher price at checkout. I kept the receipt showing the price mismatch. This is a synthetic demo record created for the public portfolio dataset. Case reference DEMO-0520.,2025-04-19,price_fraud
DEMO-CMP-0521,Demo Citizen 0521,+961 00 000521,Mount Lebanon,Demo Pharmacy 040,My order was incomplete and staff refused to help when I reported the missing item. This is a synthetic demo record created for the public portfolio dataset. Case reference DEMO-0521.,2026-05-27,service_quality
DEMO-CMP-0522,Demo Citizen 0522,+961 00 000522,South Lebanon,Demo Toys Children 005,"After eating a prepared chicken meal, I developed vomiting and stomach cramps. My family had similar symptoms and a doctor said it could be food poisoning. Synthetic demo case for testing the complaint-triage prototype. Case reference DEMO-0522.",2025-11-14,food_safety
DEMO-CMP-0523,Demo Citizen 0523,+961 00 000523,South Lebanon,Demo Hotel Resort 015,I booked a service appointment but no one was available at the scheduled time and the staff ignored my complaint. This is a synthetic demo record created for the public portfolio dataset. Case reference DEMO-0523.,2025-10-16,service_quality
DEMO-CMP-0524,Demo Citizen 0524,+961 00 000524,South Lebanon,Demo Restaurant 016,The staff provided conflicting information and ignored repeated requests to speak with a supervisor. Synthetic demo case for testing the complaint-triage prototype. Case reference DEMO-0524.,2025-10-13,service_quality
DEMO-CMP-0525,Demo Citizen 0525,+961 00 000525,South Lebanon,Demo Hotel Resort 024,The item was advertised at a discount but the final bill included the full price and a hidden fee. This record is fictional and included only for software demonstration. Case reference DEMO-0525.,2026-01-02,price_fraud
DEMO-CMP-0526,Demo Citizen 0526,+961 00 000526,Mount Lebanon,Demo Hotel Resort 065,The cashier would not provide a receipt after charging a higher price than the label displayed. Synthetic demo case for testing the complaint-triage prototype. Case reference DEMO-0526.,2025-12-14,price_fraud
DEMO-CMP-0527,Demo Citizen 0527,+961 00 000527,South Lebanon,Demo Swimming Pool Water Park 039,I saw cockroaches near the counter and the floor was filthy. Food was displayed uncovered beside the affected area. This record is fictional and included only for software demonstration. Case reference DEMO-0527.,2025-07-06,hygiene
DEMO-CMP-0528,Demo Citizen 0528,+961 00 000528,Mount Lebanon,Demo Swimming Pool Water Park 068,I purchased frozen food that was partly warm and the store refrigerator appeared to have no refrigeration. The product smelled spoiled. This is a synthetic demo record created for the public portfolio dataset. Case reference DEMO-0528.,2025-10-16,food_safety
DEMO-CMP-0529,Demo Citizen 0529,+961 00 000529,Bekaa,Demo Swimming Pool Water Park 027,I bought a packaged dairy item and found it spoiled with a sour smell even though the expiry date had not passed. I kept the product and receipt as evidence. This is a synthetic demo record created for the public portfolio dataset. Case reference DEMO-0529.,2025-02-10,food_safety
DEMO-CMP-0530,Demo Citizen 0530,+961 00 000530,Mount Lebanon,Demo Supermarket 076,The swimming area had murky water and visible algae around the edges. The filter appeared broken. This is a synthetic demo record created for the public portfolio dataset. Case reference DEMO-0530.,2025-10-05,hygiene
DEMO-CMP-0531,Demo Citizen 0531,+961 00 000531,Mount Lebanon,Demo Hotel Resort 080,The refrigerator display was warm and products requiring cooling were stored without proper refrigeration. This is a synthetic demo record created for the public portfolio dataset. Case reference DEMO-0531.,2025-09-14,hygiene
DEMO-CMP-0532,Demo Citizen 0532,+961 00 000532,Beirut,Demo Street Food Vendor 119,I noticed a strong sewage smell and dirty standing water close to the food service area. Synthetic demo case for testing the complaint-triage prototype. Case reference DEMO-0532.,2025-03-09,hygiene
DEMO-CMP-0533,Demo Citizen 0533,+961 00 000533,Mount Lebanon,Demo Pharmacy 082,I asked a basic question about the service and the employee laughed and dismissed my concern. Synthetic demo case for testing the complaint-triage prototype. Case reference DEMO-0533.,2026-01-13,service_quality
DEMO-CMP-0534,Demo Citizen 0534,+961 00 000534,Mount Lebanon,Demo Supermarket 087,The establishment displayed no required certificate and staff refused to show any licensing documents. This is a synthetic demo record created for the public portfolio dataset. Case reference DEMO-0534.,2025-06-17,licensing
DEMO-CMP-0535,Demo Citizen 0535,+961 00 000535,South Lebanon,Demo Pharmacy 077,The shelf showed one price but I was charged a higher price at checkout. I kept the receipt showing the price mismatch. Synthetic demo case for testing the complaint-triage prototype. Case reference DEMO-0535.,2025-04-10,price_fraud
DEMO-CMP-0536,Demo Citizen 0536,+961 00 000536,Bekaa,Demo Swimming Pool Water Park 027,I found broken glass inside the outer packaging of a food product before serving it to my children. I took photos immediately. This is a synthetic demo record created for the public portfolio dataset. Case reference DEMO-0536.,2025-03-25,food_safety
DEMO-CMP-0537,Demo Citizen 0537,+961 00 000537,Mount Lebanon,Demo Petrol Station 101,I was told the business is operating illegally while its permit renewal is still unresolved. Synthetic demo case for testing the complaint-triage prototype. Case reference DEMO-0537.,2026-02-23,licensing
DEMO-CMP-0538,Demo Citizen 0538,+961 00 000538,Mount Lebanon,Demo Cosmetics Beauty 102,The business appears to be operating without a license. Staff could not show a permit when I asked. Synthetic demo case for testing the complaint-triage prototype. Case reference DEMO-0538.,2026-02-15,licensing
DEMO-CMP-0539,Demo Citizen 0539,+961 00 000539,North Lebanon,Demo Hotel Resort 060,The establishment cancelled my reservation without informing me and then refused to help with a new time. Synthetic demo case for testing the complaint-triage prototype. Case reference DEMO-0539.,2025-11-07,service_quality
DEMO-CMP-0540,Demo Citizen 0540,+961 00 000540,North Lebanon,Demo Swimming Pool Water Park 071,I received the wrong item and the employee became aggressive when I politely requested an exchange. Synthetic demo case for testing the complaint-triage prototype. Case reference DEMO-0540.,2026-01-16,service_quality
DEMO-CMP-0541,Demo Citizen 0541,+961 00 000541,Mount Lebanon,Demo Restaurant 114,A product was marketed with a misleading promotion and the final price was much higher than advertised. This record is fictional and included only for software demonstration. Case reference DEMO-0541.,2026-06-01,price_fraud
DEMO-CMP-0542,Demo Citizen 0542,+961 00 000542,Beirut,Demo Sweets Bakery 007,I received the wrong item and the employee became aggressive when I politely requested an exchange. This is a synthetic demo record created for the public portfolio dataset. Case reference DEMO-0542.,2025-06-23,service_quality
DEMO-CMP-0543,Demo Citizen 0543,+961 00 000543,North Lebanon,Demo Supermarket 090,I bought a packaged dairy item and found it spoiled with a sour smell even though the expiry date had not passed. I kept the product and receipt as evidence. This is a synthetic demo record created for the public portfolio dataset. Case reference DEMO-0543.,2026-06-01,food_safety
DEMO-CMP-0544,Demo Citizen 0544,+961 00 000544,Mount Lebanon,Demo Street Food Vendor 137,The establishment overcharged me compared with the displayed menu price and refused a refund. This record is fictional and included only for software demonstration. Case reference DEMO-0544.,2025-12-09,price_fraud
DEMO-CMP-0545,Demo Citizen 0545,+961 00 000545,North Lebanon,Demo Catering Delivery 095,I waited a long time for assistance and staff repeatedly ignored my request even though the store was not busy. This record is fictional and included only for software demonstration. Case reference DEMO-0545.,2025-12-17,service_quality
DEMO-CMP-0546,Demo Citizen 0546,+961 00 000546,Beirut,Demo Supermarket 013,"The preparation counter had grease, old food residue, and insects. Staff refused to clean it after customers complained. This record is fictional and included only for software demonstration. Case reference DEMO-0546.",2026-05-16,hygiene
DEMO-CMP-0547,Demo Citizen 0547,+961 00 000547,South Lebanon,Demo Restaurant 002,I received the wrong item and the employee became aggressive when I politely requested an exchange. Synthetic demo case for testing the complaint-triage prototype. Case reference DEMO-0547.,2025-09-22,service_quality
DEMO-CMP-0548,Demo Citizen 0548,+961 00 000548,Bekaa,Demo Catering Delivery 020,The meat I purchased had a chemical smell and looked unsafe. The establishment dismissed my concern and would not cooperate. Synthetic demo case for testing the complaint-triage prototype. Case reference DEMO-0548.,2026-07-22,food_safety
DEMO-CMP-0549,Demo Citizen 0549,+961 00 000549,North Lebanon,Demo Butchery 138,The establishment cancelled my reservation without informing me and then refused to help with a new time. Synthetic demo case for testing the complaint-triage prototype. Case reference DEMO-0549.,2025-05-08,service_quality
DEMO-CMP-0550,Demo Citizen 0550,+961 00 000550,Beirut,Demo Butchery 021,The cashier would not provide a receipt after charging a higher price than the label displayed. This record is fictional and included only for software demonstration. Case reference DEMO-0550.,2026-06-05,price_fraud
DEMO-CMP-0551,Demo Citizen 0551,+961 00 000551,Bekaa,Demo Pharmacy 066,I found broken glass inside the outer packaging of a food product before serving it to my children. I took photos immediately. Synthetic demo case for testing the complaint-triage prototype. Case reference DEMO-0551.,2025-11-23,food_safety
DEMO-CMP-0552,Demo Citizen 0552,+961 00 000552,Bekaa,Demo Supermarket 124,I purchased frozen food that was partly warm and the store refrigerator appeared to have no refrigeration. The product smelled spoiled. This is a synthetic demo record created for the public portfolio dataset. Case reference DEMO-0552.,2025-07-05,food_safety
DEMO-CMP-0553,Demo Citizen 0553,+961 00 000553,Beirut,Demo Supermarket 030,I bought a packaged dairy item and found it spoiled with a sour smell even though the expiry date had not passed. I kept the product and receipt as evidence. Synthetic demo case for testing the complaint-triage prototype. Case reference DEMO-0553.,2025-03-20,food_safety
DEMO-CMP-0554,Demo Citizen 0554,+961 00 000554,Mount Lebanon,Demo Street Food Vendor 041,The meat I purchased had a chemical smell and looked unsafe. The establishment dismissed my concern and would not cooperate. Synthetic demo case for testing the complaint-triage prototype. Case reference DEMO-0554.,2026-03-18,food_safety
DEMO-CMP-0555,Demo Citizen 0555,+961 00 000555,Bekaa,Demo Catering Delivery 020,The shelf showed one price but I was charged a higher price at checkout. I kept the receipt showing the price mismatch. This is a synthetic demo record created for the public portfolio dataset. Case reference DEMO-0555.,2026-04-05,price_fraud
DEMO-CMP-0556,Demo Citizen 0556,+961 00 000556,Bekaa,Demo Pharmacy 026,The cooked chicken I received was pink chicken in the center and seemed unsafe. I took photos and asked the staff for help. This record is fictional and included only for software demonstration. Case reference DEMO-0556.,2026-05-07,food_safety
DEMO-CMP-0557,Demo Citizen 0557,+961 00 000557,Beirut,Demo Furniture Home 046,I booked a service appointment but no one was available at the scheduled time and the staff ignored my complaint. Synthetic demo case for testing the complaint-triage prototype. Case reference DEMO-0557.,2025-09-27,service_quality
DEMO-CMP-0558,Demo Citizen 0558,+961 00 000558,North Lebanon,Demo Butchery 051,The shelf showed one price but I was charged a higher price at checkout. I kept the receipt showing the price mismatch. This record is fictional and included only for software demonstration. Case reference DEMO-0558.,2025-07-20,price_fraud
DEMO-CMP-0559,Demo Citizen 0559,+961 00 000559,North Lebanon,Demo Supermarket 054,The establishment displayed no required certificate and staff refused to show any licensing documents. This record is fictional and included only for software demonstration. Case reference DEMO-0559.,2025-05-28,licensing
DEMO-CMP-0560,Demo Citizen 0560,+961 00 000560,North Lebanon,Demo Restaurant 055,The staff provided conflicting information and ignored repeated requests to speak with a supervisor. This record is fictional and included only for software demonstration. Case reference DEMO-0560.,2025-07-07,service_quality
DEMO-CMP-0561,Demo Citizen 0561,+961 00 000561,North Lebanon,Demo Hotel Resort 060,The establishment cancelled my reservation without informing me and then refused to help with a new time. This is a synthetic demo record created for the public portfolio dataset. Case reference DEMO-0561.,2025-12-19,service_quality
DEMO-CMP-0562,Demo Citizen 0562,+961 00 000562,South Lebanon,Demo Swimming Pool Water Park 092,The food preparation area looked dirty and I saw flies around uncovered food. Staff were handling raw meat without gloves. This is a synthetic demo record created for the public portfolio dataset. Case reference DEMO-0562.,2025-08-02,hygiene
DEMO-CMP-0563,Demo Citizen 0563,+961 00 000563,Bekaa,Demo Pharmacy 026,The operator refused to show a license or certificate and told me the documents were not available. This record is fictional and included only for software demonstration. Case reference DEMO-0563.,2025-02-08,licensing
DEMO-CMP-0564,Demo Citizen 0564,+961 00 000564,Bekaa,Demo Swimming Pool Water Park 027,The operator refused to show a license or certificate and told me the documents were not available. This is a synthetic demo record created for the public portfolio dataset. Case reference DEMO-0564.,2025-03-18,licensing
DEMO-CMP-0565,Demo Citizen 0565,+961 00 000565,Beirut,Demo Swimming Pool Water Park 070,I noticed a strong sewage smell and dirty standing water close to the food service area. This is a synthetic demo record created for the public portfolio dataset. Case reference DEMO-0565.,2026-03-19,hygiene
DEMO-CMP-0566,Demo Citizen 0566,+961 00 000566,North Lebanon,Demo Petrol Station 093,I noticed a strong sewage smell and dirty standing water close to the food service area. This record is fictional and included only for software demonstration. Case reference DEMO-0566.,2025-02-09,hygiene
DEMO-CMP-0567,Demo Citizen 0567,+961 00 000567,North Lebanon,Demo Catering Delivery 095,I believe the product was counterfeit because the packaging and label did not match the item advertised. I kept the receipt. This is a synthetic demo record created for the public portfolio dataset. Case reference DEMO-0567.,2026-06-02,price_fraud
DEMO-CMP-0568,Demo Citizen 0568,+961 00 000568,Beirut,Demo Retail Services 078,"The preparation counter had grease, old food residue, and insects. Staff refused to clean it after customers complained. Synthetic demo case for testing the complaint-triage prototype. Case reference DEMO-0568.",2025-09-08,hygiene
DEMO-CMP-0569,Demo Citizen 0569,+961 00 000569,Beirut,Demo Restaurant 083,A refrigerated product was still on the shelf past its expiry date. The package was bloated and had a bad smell when opened. Synthetic demo case for testing the complaint-triage prototype. Case reference DEMO-0569.,2025-07-14,food_safety
DEMO-CMP-0570,Demo Citizen 0570,+961 00 000570,Bekaa,Demo Pharmacy 026,"The preparation counter had grease, old food residue, and insects. Staff refused to clean it after customers complained. This record is fictional and included only for software demonstration. Case reference DEMO-0570.",2025-06-11,hygiene
DEMO-CMP-0571,Demo Citizen 0571,+961 00 000571,Mount Lebanon,Demo Hotel Resort 110,I received the wrong item and the employee became aggressive when I politely requested an exchange. This is a synthetic demo record created for the public portfolio dataset. Case reference DEMO-0571.,2026-04-18,service_quality
DEMO-CMP-0572,Demo Citizen 0572,+961 00 000572,Beirut,Demo Supermarket 089,The delivery arrived much later than promised and customer service would not cooperate when I asked for an update. Synthetic demo case for testing the complaint-triage prototype. Case reference DEMO-0572.,2025-05-30,service_quality
DEMO-CMP-0573,Demo Citizen 0573,+961 00 000573,North Lebanon,Demo Pharmacy 011,The staff provided conflicting information and ignored repeated requests to speak with a supervisor. This record is fictional and included only for software demonstration. Case reference DEMO-0573.,2025-05-30,service_quality
DEMO-CMP-0574,Demo Citizen 0574,+961 00 000574,Beirut,Demo Sweets Bakery 094,I bought a packaged dairy item and found it spoiled with a sour smell even though the expiry date had not passed. I kept the product and receipt as evidence. This is a synthetic demo record created for the public portfolio dataset. Case reference DEMO-0574.,2025-05-01,food_safety
DEMO-CMP-0575,Demo Citizen 0575,+961 00 000575,Mount Lebanon,Demo Sweets Bakery 123,I was told the business is operating illegally while its permit renewal is still unresolved. This record is fictional and included only for software demonstration. Case reference DEMO-0575.,2025-07-19,licensing
DEMO-CMP-0576,Demo Citizen 0576,+961 00 000576,South Lebanon,Demo Restaurant 016,I booked a service appointment but no one was available at the scheduled time and the staff ignored my complaint. This record is fictional and included only for software demonstration. Case reference DEMO-0576.,2026-03-26,service_quality
DEMO-CMP-0577,Demo Citizen 0577,+961 00 000577,South Lebanon,Demo Hotel Resort 024,The cashier would not provide a receipt after charging a higher price than the label displayed. This record is fictional and included only for software demonstration. Case reference DEMO-0577.,2025-11-12,price_fraud
DEMO-CMP-0578,Demo Citizen 0578,+961 00 000578,South Lebanon,Demo Street Food Vendor 036,Employees handled raw meat and ready-to-eat food using the same tools. The preparation surface was visibly dirty. This is a synthetic demo record created for the public portfolio dataset. Case reference DEMO-0578.,2025-10-07,hygiene
DEMO-CMP-0579,Demo Citizen 0579,+961 00 000579,Beirut,Demo Restaurant 105,"The preparation counter had grease, old food residue, and insects. Staff refused to clean it after customers complained. This is a synthetic demo record created for the public portfolio dataset. Case reference DEMO-0579.",2026-06-20,hygiene
DEMO-CMP-0580,Demo Citizen 0580,+961 00 000580,North Lebanon,Demo Butchery 051,I paid for one kilogram of goods but my home scale showed a short weight. The receipt lists the full kilogram price. Synthetic demo case for testing the complaint-triage prototype. Case reference DEMO-0580.,2025-07-18,price_fraud
DEMO-CMP-0581,Demo Citizen 0581,+961 00 000581,Beirut,Demo Supermarket 112,The establishment cancelled my reservation without informing me and then refused to help with a new time. This record is fictional and included only for software demonstration. Case reference DEMO-0581.,2025-08-01,service_quality
DEMO-CMP-0582,Demo Citizen 0582,+961 00 000582,Beirut,Demo Clothing Fashion 113,The vendor appears unlicensed and is operating from a temporary stand without a permit. This is a synthetic demo record created for the public portfolio dataset. Case reference DEMO-0582.,2025-07-06,licensing
DEMO-CMP-0583,Demo Citizen 0583,+961 00 000583,Beirut,Demo Supermarket 115,Food trays were left uncovered for a long period with flies nearby. No gloves were used while serving. Synthetic demo case for testing the complaint-triage prototype. Case reference DEMO-0583.,2026-05-22,hygiene
DEMO-CMP-0584,Demo Citizen 0584,+961 00 000584,Beirut,Demo Pharmacy 116,I asked to see the health permit and was told there was no certificate available at the location. This is a synthetic demo record created for the public portfolio dataset. Case reference DEMO-0584.,2025-10-25,licensing
DEMO-CMP-0585,Demo Citizen 0585,+961 00 000585,North Lebanon,Demo Restaurant 079,I paid for one kilogram of goods but my home scale showed a short weight. The receipt lists the full kilogram price. This record is fictional and included only for software demonstration. Case reference DEMO-0585.,2025-01-06,price_fraud
DEMO-CMP-0586,Demo Citizen 0586,+961 00 000586,Bekaa,Demo Pharmacy 066,Food trays were left uncovered for a long period with flies nearby. No gloves were used while serving. This record is fictional and included only for software demonstration. Case reference DEMO-0586.,2026-01-05,hygiene
DEMO-CMP-0587,Demo Citizen 0587,+961 00 000587,South Lebanon,Demo Pharmacy 077,The service counter closed early without notice and staff refused to help customers who were already waiting. Synthetic demo case for testing the complaint-triage prototype. Case reference DEMO-0587.,2025-03-26,service_quality
DEMO-CMP-0588,Demo Citizen 0588,+961 00 000588,Beirut,Demo Restaurant 121,The business appears to have no permit for the activity being offered at this location. This record is fictional and included only for software demonstration. Case reference DEMO-0588.,2025-03-13,licensing
DEMO-CMP-0589,Demo Citizen 0589,+961 00 000589,Mount Lebanon,Demo Butchery 064,Several people at our table became sick with diarrhea after eating the same dish. We visited a clinic and kept the receipt. This is a synthetic demo record created for the public portfolio dataset. Case reference DEMO-0589.,2026-06-26,food_safety
DEMO-CMP-0590,Demo Citizen 0590,+961 00 000590,South Lebanon,Demo Petrol Station 103,A refrigerated product was still on the shelf past its expiry date. The package was bloated and had a bad smell when opened. This is a synthetic demo record created for the public portfolio dataset. Case reference DEMO-0590.,2025-08-09,food_safety
DEMO-CMP-0591,Demo Citizen 0591,+961 00 000591,Beirut,Demo Supermarket 127,My order was incomplete and staff refused to help when I reported the missing item. Synthetic demo case for testing the complaint-triage prototype. Case reference DEMO-0591.,2025-05-16,service_quality
DEMO-CMP-0592,Demo Citizen 0592,+961 00 000592,Mount Lebanon,Demo Swimming Pool Water Park 068,The establishment displayed no required certificate and staff refused to show any licensing documents. Synthetic demo case for testing the complaint-triage prototype. Case reference DEMO-0592.,2026-07-14,licensing
DEMO-CMP-0593,Demo Citizen 0593,+961 00 000593,Bekaa,Demo Pharmacy 066,The business appears to have no permit for the activity being offered at this location. This is a synthetic demo record created for the public portfolio dataset. Case reference DEMO-0593.,2025-02-02,licensing
DEMO-CMP-0594,Demo Citizen 0594,+961 00 000594,South Lebanon,Demo Swimming Pool Water Park 126,I observed rats near stored food boxes behind the service area. I took a photo and told the manager. This is a synthetic demo record created for the public portfolio dataset. Case reference DEMO-0594.,2025-11-25,hygiene
DEMO-CMP-0595,Demo Citizen 0595,+961 00 000595,Bekaa,Demo Restaurant 141,I received the wrong item and the employee became aggressive when I politely requested an exchange. This is a synthetic demo record created for the public portfolio dataset. Case reference DEMO-0595.,2026-01-26,service_quality
DEMO-CMP-0596,Demo Citizen 0596,+961 00 000596,North Lebanon,Demo Butchery 023,I asked a basic question about the service and the employee laughed and dismissed my concern. This is a synthetic demo record created for the public portfolio dataset. Case reference DEMO-0596.,2025-07-02,service_quality
DEMO-CMP-0597,Demo Citizen 0597,+961 00 000597,Beirut,Demo Restaurant 008,I purchased frozen food that was partly warm and the store refrigerator appeared to have no refrigeration. The product smelled spoiled. Synthetic demo case for testing the complaint-triage prototype. Case reference DEMO-0597.,2026-07-17,food_safety
DEMO-CMP-0598,Demo Citizen 0598,+961 00 000598,South Lebanon,Demo Catering Delivery 139,The establishment displayed no required certificate and staff refused to show any licensing documents. This is a synthetic demo record created for the public portfolio dataset. Case reference DEMO-0598.,2026-04-30,licensing
DEMO-CMP-0599,Demo Citizen 0599,+961 00 000599,Beirut,Demo Sweets Bakery 010,Employees handled raw meat and ready-to-eat food using the same tools. The preparation surface was visibly dirty. This record is fictional and included only for software demonstration. Case reference DEMO-0599.,2025-01-07,hygiene
DEMO-CMP-0600,Demo Citizen 0600,+961 00 000600,North Lebanon,Demo Petrol Station 047,The business appears to have no permit for the activity being offered at this location. Synthetic demo case for testing the complaint-triage prototype. Case reference DEMO-0600.,2026-02-16,licensing
DEMO-CMP-0601,Demo Citizen 0601,+961 00 000601,Mount Lebanon,Demo Petrol Station 101,The service is being offered without a license and there is no visible permit or registration information. This is a synthetic demo record created for the public portfolio dataset. Case reference DEMO-0601.,2025-01-10,licensing
DEMO-CMP-0602,Demo Citizen 0602,+961 00 000602,South Lebanon,Demo Restaurant 016,I was charged twice for the same item on the invoice. Staff ignored the error when I asked for a correction. This is a synthetic demo record created for the public portfolio dataset. Case reference DEMO-0602.,2025-04-13,price_fraud
DEMO-CMP-0603,Demo Citizen 0603,+961 00 000603,Beirut,Demo Supermarket 018,The establishment cancelled my reservation without informing me and then refused to help with a new time. Synthetic demo case for testing the complaint-triage prototype. Case reference DEMO-0603.,2025-08-08,service_quality
DEMO-CMP-0604,Demo Citizen 0604,+961 00 000604,South Lebanon,Demo Street Food Vendor 036,The staff provided conflicting information and ignored repeated requests to speak with a supervisor. This is a synthetic demo record created for the public portfolio dataset. Case reference DEMO-0604.,2025-04-25,service_quality
DEMO-CMP-0605,Demo Citizen 0605,+961 00 000605,Mount Lebanon,Demo Restaurant 114,The establishment displayed no required certificate and staff refused to show any licensing documents. This is a synthetic demo record created for the public portfolio dataset. Case reference DEMO-0605.,2026-03-09,licensing
DEMO-CMP-0606,Demo Citizen 0606,+961 00 000606,Beirut,Demo Supermarket 028,I found mold and a rotten smell in a bakery product I purchased. The manager refused a refund even after I showed the receipt. Synthetic demo case for testing the complaint-triage prototype. Case reference DEMO-0606.,2025-05-17,food_safety
DEMO-CMP-0607,Demo Citizen 0607,+961 00 000607,Mount Lebanon,Demo Sweets Bakery 123,The shelf showed one price but I was charged a higher price at checkout. I kept the receipt showing the price mismatch. This is a synthetic demo record created for the public portfolio dataset. Case reference DEMO-0607.,2026-04-23,price_fraud
DEMO-CMP-0608,Demo Citizen 0608,+961 00 000608,Bekaa,Demo Supermarket 124,I purchased frozen food that was partly warm and the store refrigerator appeared to have no refrigeration. The product smelled spoiled. This is a synthetic demo record created for the public portfolio dataset. Case reference DEMO-0608.,2026-04-19,food_safety
DEMO-CMP-0609,Demo Citizen 0609,+961 00 000609,Beirut,Demo Clothing Fashion 035,The vendor appears unlicensed and is operating from a temporary stand without a permit. Synthetic demo case for testing the complaint-triage prototype. Case reference DEMO-0609.,2026-07-08,licensing
DEMO-CMP-0610,Demo Citizen 0610,+961 00 000610,South Lebanon,Demo Restaurant 057,I asked to see the health permit and was told there was no certificate available at the location. Synthetic demo case for testing the complaint-triage prototype. Case reference DEMO-0610.,2026-05-15,licensing
DEMO-CMP-0611,Demo Citizen 0611,+961 00 000611,Bekaa,Demo Catering Delivery 020,The food preparation area looked dirty and I saw flies around uncovered food. Staff were handling raw meat without gloves. This is a synthetic demo record created for the public portfolio dataset. Case reference DEMO-0611.,2026-03-07,hygiene
DEMO-CMP-0612,Demo Citizen 0612,+961 00 000612,Mount Lebanon,Demo Restaurant 019,I booked a service appointment but no one was available at the scheduled time and the staff ignored my complaint. This record is fictional and included only for software demonstration. Case reference DEMO-0612.,2025-02-19,service_quality
DEMO-CMP-0613,Demo Citizen 0613,+961 00 000613,Beirut,Demo Hotel Resort 053,The cashier would not provide a receipt after charging a higher price than the label displayed. This is a synthetic demo record created for the public portfolio dataset. Case reference DEMO-0613.,2025-01-27,price_fraud
DEMO-CMP-0614,Demo Citizen 0614,+961 00 000614,South Lebanon,Demo Swimming Pool Water Park 092,I paid for one kilogram of goods but my home scale showed a short weight. The receipt lists the full kilogram price. This record is fictional and included only for software demonstration. Case reference DEMO-0614.,2025-04-10,price_fraud
DEMO-CMP-0615,Demo Citizen 0615,+961 00 000615,Bekaa,Demo Supermarket 124,I was charged twice for the same item on the invoice. Staff ignored the error when I asked for a correction. This is a synthetic demo record created for the public portfolio dataset. Case reference DEMO-0615.,2025-05-09,price_fraud
DEMO-CMP-0616,Demo Citizen 0616,+961 00 000616,North Lebanon,Demo Catering Delivery 140,I asked to see the health permit and was told there was no certificate available at the location. This record is fictional and included only for software demonstration. Case reference DEMO-0616.,2025-01-18,licensing
DEMO-CMP-0617,Demo Citizen 0617,+961 00 000617,South Lebanon,Demo Beach Resort 107,"The restroom and dining area were dirty, with overflowing waste and a strong bad smell. Staff ignored my complaint. This record is fictional and included only for software demonstration. Case reference DEMO-0617.",2025-12-17,hygiene
DEMO-CMP-0618,Demo Citizen 0618,+961 00 000618,Mount Lebanon,Demo Street Food Vendor 041,The establishment cancelled my reservation without informing me and then refused to help with a new time. Synthetic demo case for testing the complaint-triage prototype. Case reference DEMO-0618.,2025-06-01,service_quality
DEMO-CMP-0619,Demo Citizen 0619,+961 00 000619,Mount Lebanon,Demo Petrol Station 045,The shelf showed one price but I was charged a higher price at checkout. I kept the receipt showing the price mismatch. This record is fictional and included only for software demonstration. Case reference DEMO-0619.,2025-09-27,price_fraud
DEMO-CMP-0620,Demo Citizen 0620,+961 00 000620,South Lebanon,Demo Swimming Pool Water Park 126,I asked a basic question about the service and the employee laughed and dismissed my concern. This is a synthetic demo record created for the public portfolio dataset. Case reference DEMO-0620.,2025-03-15,service_quality
DEMO-CMP-0621,Demo Citizen 0621,+961 00 000621,North Lebanon,Demo Restaurant 038,The service counter closed early without notice and staff refused to help customers who were already waiting. This record is fictional and included only for software demonstration. Case reference DEMO-0621.,2026-03-30,service_quality
DEMO-CMP-0622,Demo Citizen 0622,+961 00 000622,North Lebanon,Demo Petrol Station 047,There is no visible health permit and employees could not confirm that the establishment is licensed. This record is fictional and included only for software demonstration. Case reference DEMO-0622.,2025-09-22,licensing
DEMO-CMP-0623,Demo Citizen 0623,+961 00 000623,Mount Lebanon,Demo Butchery 067,A ready-to-eat meal appeared contaminated and caused nausea later that evening. I kept the leftover container as evidence. This record is fictional and included only for software demonstration. Case reference DEMO-0623.,2025-05-06,food_safety
DEMO-CMP-0624,Demo Citizen 0624,+961 00 000624,South Lebanon,Demo Catering Delivery 139,The swimming area had murky water and visible algae around the edges. The filter appeared broken. This is a synthetic demo record created for the public portfolio dataset. Case reference DEMO-0624.,2025-07-29,hygiene
DEMO-CMP-0625,Demo Citizen 0625,+961 00 000625,North Lebanon,Demo Supermarket 054,The meat I purchased had a chemical smell and looked unsafe. The establishment dismissed my concern and would not cooperate. This record is fictional and included only for software demonstration. Case reference DEMO-0625.,2026-05-03,food_safety
DEMO-CMP-0626,Demo Citizen 0626,+961 00 000626,South Lebanon,Demo Toys Children 005,"The restroom and dining area were dirty, with overflowing waste and a strong bad smell. Staff ignored my complaint. This record is fictional and included only for software demonstration. Case reference DEMO-0626.",2025-05-29,hygiene
DEMO-CMP-0627,Demo Citizen 0627,+961 00 000627,North Lebanon,Demo Hotel Resort 060,The package weight printed on the label did not match the actual amount. I have photos and the receipt. Synthetic demo case for testing the complaint-triage prototype. Case reference DEMO-0627.,2026-02-06,price_fraud
DEMO-CMP-0628,Demo Citizen 0628,+961 00 000628,Mount Lebanon,Demo Beach Resort 081,"After eating a prepared chicken meal, I developed vomiting and stomach cramps. My family had similar symptoms and a doctor said it could be food poisoning. This record is fictional and included only for software demonstration. Case reference DEMO-0628.",2025-02-25,food_safety
DEMO-CMP-0629,Demo Citizen 0629,+961 00 000629,Bekaa,Demo Supermarket 124,I noticed a strong sewage smell and dirty standing water close to the food service area. This record is fictional and included only for software demonstration. Case reference DEMO-0629.,2025-07-07,hygiene
DEMO-CMP-0630,Demo Citizen 0630,+961 00 000630,Beirut,Demo Supermarket 099,I waited a long time for assistance and staff repeatedly ignored my request even though the store was not busy. This is a synthetic demo record created for the public portfolio dataset. Case reference DEMO-0630.,2026-05-18,service_quality
DEMO-CMP-0631,Demo Citizen 0631,+961 00 000631,Mount Lebanon,Demo Restaurant 088,I found mold and a rotten smell in a bakery product I purchased. The manager refused a refund even after I showed the receipt. This record is fictional and included only for software demonstration. Case reference DEMO-0631.,2026-01-27,food_safety
DEMO-CMP-0632,Demo Citizen 0632,+961 00 000632,Beirut,Demo Electronics 104,The operator refused to show a license or certificate and told me the documents were not available. Synthetic demo case for testing the complaint-triage prototype. Case reference DEMO-0632.,2026-05-31,licensing
DEMO-CMP-0633,Demo Citizen 0633,+961 00 000633,North Lebanon,Demo Catering Delivery 095,I bought a packaged dairy item and found it spoiled with a sour smell even though the expiry date had not passed. I kept the product and receipt as evidence. Synthetic demo case for testing the complaint-triage prototype. Case reference DEMO-0633.,2025-12-06,food_safety
DEMO-CMP-0634,Demo Citizen 0634,+961 00 000634,Bekaa,Demo Swimming Pool Water Park 027,The staff provided conflicting information and ignored repeated requests to speak with a supervisor. Synthetic demo case for testing the complaint-triage prototype. Case reference DEMO-0634.,2025-10-24,service_quality
DEMO-CMP-0635,Demo Citizen 0635,+961 00 000635,Beirut,Demo Supermarket 112,A refrigerated product was still on the shelf past its expiry date. The package was bloated and had a bad smell when opened. This is a synthetic demo record created for the public portfolio dataset. Case reference DEMO-0635.,2025-10-20,food_safety
DEMO-CMP-0636,Demo Citizen 0636,+961 00 000636,Mount Lebanon,Demo Beach Resort 111,There is no visible health permit and employees could not confirm that the establishment is licensed. This record is fictional and included only for software demonstration. Case reference DEMO-0636.,2025-06-25,licensing
DEMO-CMP-0637,Demo Citizen 0637,+961 00 000637,Mount Lebanon,Demo Restaurant 114,I bought a packaged dairy item and found it spoiled with a sour smell even though the expiry date had not passed. I kept the product and receipt as evidence. This is a synthetic demo record created for the public portfolio dataset. Case reference DEMO-0637.,2025-07-25,food_safety
DEMO-CMP-0638,Demo Citizen 0638,+961 00 000638,Beirut,Demo Pharmacy 116,I booked a service appointment but no one was available at the scheduled time and the staff ignored my complaint. This record is fictional and included only for software demonstration. Case reference DEMO-0638.,2026-05-09,service_quality
DEMO-CMP-0639,Demo Citizen 0639,+961 00 000639,North Lebanon,Demo Pharmacy 011,I found mold and a rotten smell in a bakery product I purchased. The manager refused a refund even after I showed the receipt. Synthetic demo case for testing the complaint-triage prototype. Case reference DEMO-0639.,2025-04-11,food_safety
DEMO-CMP-0640,Demo Citizen 0640,+961 00 000640,North Lebanon,Demo Butchery 023,The business appears to have no permit for the activity being offered at this location. This record is fictional and included only for software demonstration. Case reference DEMO-0640.,2025-08-05,licensing
DEMO-CMP-0641,Demo Citizen 0641,+961 00 000641,Mount Lebanon,Demo Restaurant 001,The employee was dismissive when I asked for help with a return and refused to explain the store policy. Synthetic demo case for testing the complaint-triage prototype. Case reference DEMO-0641.,2025-07-09,service_quality
DEMO-CMP-0642,Demo Citizen 0642,+961 00 000642,South Lebanon,Demo Petrol Station 103,The business appears to be operating without a license. Staff could not show a permit when I asked. This is a synthetic demo record created for the public portfolio dataset. Case reference DEMO-0642.,2026-01-31,licensing
DEMO-CMP-0643,Demo Citizen 0643,+961 00 000643,Mount Lebanon,Demo Catering Delivery 006,"The preparation counter had grease, old food residue, and insects. Staff refused to clean it after customers complained. This record is fictional and included only for software demonstration. Case reference DEMO-0643.",2026-03-08,hygiene
DEMO-CMP-0644,Demo Citizen 0644,+961 00 000644,South Lebanon,Demo Petrol Station 108,I paid for one kilogram of goods but my home scale showed a short weight. The receipt lists the full kilogram price. Synthetic demo case for testing the complaint-triage prototype. Case reference DEMO-0644.,2025-04-23,price_fraud
DEMO-CMP-0645,Demo Citizen 0645,+961 00 000645,North Lebanon,Demo Catering Delivery 049,There is no visible health permit and employees could not confirm that the establishment is licensed. Synthetic demo case for testing the complaint-triage prototype. Case reference DEMO-0645.,2025-07-10,licensing
DEMO-CMP-0646,Demo Citizen 0646,+961 00 000646,Bekaa,Demo Catering Delivery 020,I asked a basic question about the service and the employee laughed and dismissed my concern. Synthetic demo case for testing the complaint-triage prototype. Case reference DEMO-0646.,2025-12-16,service_quality
DEMO-CMP-0647,Demo Citizen 0647,+961 00 000647,South Lebanon,Demo Hotel Resort 130,I was charged twice for the same item on the invoice. Staff ignored the error when I asked for a correction. Synthetic demo case for testing the complaint-triage prototype. Case reference DEMO-0647.,2025-08-15,price_fraud
DEMO-CMP-0648,Demo Citizen 0648,+961 00 000648,Bekaa,Demo Swimming Pool Water Park 027,The business appears to have no permit for the activity being offered at this location. This record is fictional and included only for software demonstration. Case reference DEMO-0648.,2026-03-11,licensing
DEMO-CMP-0649,Demo Citizen 0649,+961 00 000649,Mount Lebanon,Demo Pharmacy 040,The food preparation area looked dirty and I saw flies around uncovered food. Staff were handling raw meat without gloves. Synthetic demo case for testing the complaint-triage prototype. Case reference DEMO-0649.,2025-10-15,hygiene
DEMO-CMP-0650,Demo Citizen 0650,+961 00 000650,Beirut,Demo Sweets Bakery 007,The shelf showed one price but I was charged a higher price at checkout. I kept the receipt showing the price mismatch. This record is fictional and included only for software demonstration. Case reference DEMO-0650.,2025-06-24,price_fraud
DEMO-CMP-0651,Demo Citizen 0651,+961 00 000651,North Lebanon,Demo Restaurant 079,The business appears to have no permit for the activity being offered at this location. Synthetic demo case for testing the complaint-triage prototype. Case reference DEMO-0651.,2026-04-02,licensing
DEMO-CMP-0652,Demo Citizen 0652,+961 00 000652,Mount Lebanon,Demo Beach Resort 061,The establishment cancelled my reservation without informing me and then refused to help with a new time. Synthetic demo case for testing the complaint-triage prototype. Case reference DEMO-0652.,2026-05-22,service_quality
DEMO-CMP-0653,Demo Citizen 0653,+961 00 000653,South Lebanon,Demo Hotel Resort 015,Several people at our table became sick with diarrhea after eating the same dish. We visited a clinic and kept the receipt. This is a synthetic demo record created for the public portfolio dataset. Case reference DEMO-0653.,2026-05-03,food_safety
DEMO-CMP-0654,Demo Citizen 0654,+961 00 000654,Beirut,Demo Supermarket 013,A product was marketed with a misleading promotion and the final price was much higher than advertised. This is a synthetic demo record created for the public portfolio dataset. Case reference DEMO-0654.,2025-06-29,price_fraud
DEMO-CMP-0655,Demo Citizen 0655,+961 00 000655,North Lebanon,Demo Catering Delivery 095,I believe the product was counterfeit because the packaging and label did not match the item advertised. I kept the receipt. This record is fictional and included only for software demonstration. Case reference DEMO-0655.,2025-11-25,price_fraud
DEMO-CMP-0656,Demo Citizen 0656,+961 00 000656,Beirut,Demo Pharmacy 017,I was told the business is operating illegally while its permit renewal is still unresolved. Synthetic demo case for testing the complaint-triage prototype. Case reference DEMO-0656.,2026-04-03,licensing
DEMO-CMP-0657,Demo Citizen 0657,+961 00 000657,North Lebanon,Demo Swimming Pool Water Park 133,The cooked chicken I received was pink chicken in the center and seemed unsafe. I took photos and asked the staff for help. Synthetic demo case for testing the complaint-triage prototype. Case reference DEMO-0657.,2025-09-01,food_safety
DEMO-CMP-0658,Demo Citizen 0658,+961 00 000658,North Lebanon,Demo Restaurant 136,I noticed a strong sewage smell and dirty standing water close to the food service area. Synthetic demo case for testing the complaint-triage prototype. Case reference DEMO-0658.,2026-01-24,hygiene
DEMO-CMP-0659,Demo Citizen 0659,+961 00 000659,Mount Lebanon,Demo Hotel Resort 080,The shelf showed one price but I was charged a higher price at checkout. I kept the receipt showing the price mismatch. Synthetic demo case for testing the complaint-triage prototype. Case reference DEMO-0659.,2025-01-04,price_fraud
DEMO-CMP-0660,Demo Citizen 0660,+961 00 000660,North Lebanon,Demo Catering Delivery 140,The service included an unexpected hidden fee that was not shown before payment. I asked for an invoice and was refused. This record is fictional and included only for software demonstration. Case reference DEMO-0660.,2026-04-13,price_fraud
DEMO-CMP-0661,Demo Citizen 0661,+961 00 000661,North Lebanon,Demo Pharmacy 011,The cashier would not provide a receipt after charging a higher price than the label displayed. This is a synthetic demo record created for the public portfolio dataset. Case reference DEMO-0661.,2026-01-27,price_fraud
DEMO-CMP-0662,Demo Citizen 0662,+961 00 000662,Mount Lebanon,Demo Supermarket 087,The swimming area had murky water and visible algae around the edges. The filter appeared broken. This record is fictional and included only for software demonstration. Case reference DEMO-0662.,2025-05-19,hygiene
DEMO-CMP-0663,Demo Citizen 0663,+961 00 000663,Mount Lebanon,Demo Restaurant 088,I purchased frozen food that was partly warm and the store refrigerator appeared to have no refrigeration. The product smelled spoiled. This is a synthetic demo record created for the public portfolio dataset. Case reference DEMO-0663.,2026-02-09,food_safety
DEMO-CMP-0664,Demo Citizen 0664,+961 00 000664,Beirut,Demo Beach Resort 044,The establishment cancelled my reservation without informing me and then refused to help with a new time. This is a synthetic demo record created for the public portfolio dataset. Case reference DEMO-0664.,2026-07-06,service_quality
DEMO-CMP-0665,Demo Citizen 0665,+961 00 000665,Beirut,Demo Furniture Home 046,A refrigerated product was still on the shelf past its expiry date. The package was bloated and had a bad smell when opened. This is a synthetic demo record created for the public portfolio dataset. Case reference DEMO-0665.,2025-11-02,food_safety
DEMO-CMP-0666,Demo Citizen 0666,+961 00 000666,Beirut,Demo Restaurant 050,Employees handled raw meat and ready-to-eat food using the same tools. The preparation surface was visibly dirty. Synthetic demo case for testing the complaint-triage prototype. Case reference DEMO-0666.,2025-11-14,hygiene
DEMO-CMP-0667,Demo Citizen 0667,+961 00 000667,Mount Lebanon,Demo Hotel Resort 110,The cooked chicken I received was pink chicken in the center and seemed unsafe. I took photos and asked the staff for help. This record is fictional and included only for software demonstration. Case reference DEMO-0667.,2026-07-04,food_safety
DEMO-CMP-0668,Demo Citizen 0668,+961 00 000668,Beirut,Demo Cosmetics Beauty 056,I found mold and a rotten smell in a bakery product I purchased. The manager refused a refund even after I showed the receipt. This record is fictional and included only for software demonstration. Case reference DEMO-0668.,2026-05-10,food_safety
DEMO-CMP-0669,Demo Citizen 0669,+961 00 000669,North Lebanon,Demo Supermarket 054,The service is being offered without a license and there is no visible permit or registration information. This record is fictional and included only for software demonstration. Case reference DEMO-0669.,2025-04-05,licensing
DEMO-CMP-0670,Demo Citizen 0670,+961 00 000670,Beirut,Demo Petrol Station 059,I was charged twice for the same item on the invoice. Staff ignored the error when I asked for a correction. This is a synthetic demo record created for the public portfolio dataset. Case reference DEMO-0670.,2026-02-28,price_fraud
DEMO-CMP-0671,Demo Citizen 0671,+961 00 000671,Beirut,Demo Sweets Bakery 063,The swimming area had murky water and visible algae around the edges. The filter appeared broken. This is a synthetic demo record created for the public portfolio dataset. Case reference DEMO-0671.,2026-04-28,hygiene
DEMO-CMP-0672,Demo Citizen 0672,+961 00 000672,Beirut,Demo Sweets Bakery 069,I saw cockroaches near the counter and the floor was filthy. Food was displayed uncovered beside the affected area. This is a synthetic demo record created for the public portfolio dataset. Case reference DEMO-0672.,2026-04-04,hygiene
DEMO-CMP-0673,Demo Citizen 0673,+961 00 000673,Mount Lebanon,Demo Restaurant 001,I asked a basic question about the service and the employee laughed and dismissed my concern. This is a synthetic demo record created for the public portfolio dataset. Case reference DEMO-0673.,2026-02-18,service_quality
DEMO-CMP-0674,Demo Citizen 0674,+961 00 000674,South Lebanon,Demo Hotel Resort 132,I bought a packaged dairy item and found it spoiled with a sour smell even though the expiry date had not passed. I kept the product and receipt as evidence. This is a synthetic demo record created for the public portfolio dataset. Case reference DEMO-0674.,2026-05-20,food_safety
DEMO-CMP-0675,Demo Citizen 0675,+961 00 000675,Mount Lebanon,Demo Catering Delivery 006,I was told the business is operating illegally while its permit renewal is still unresolved. This is a synthetic demo record created for the public portfolio dataset. Case reference DEMO-0675.,2025-02-17,licensing
DEMO-CMP-0676,Demo Citizen 0676,+961 00 000676,South Lebanon,Demo Catering Delivery 139,The staff provided conflicting information and ignored repeated requests to speak with a supervisor. Synthetic demo case for testing the complaint-triage prototype. Case reference DEMO-0676.,2025-11-15,service_quality
DEMO-CMP-0677,Demo Citizen 0677,+961 00 000677,Mount Lebanon,Demo Sweets Bakery 022,The delivery arrived much later than promised and customer service would not cooperate when I asked for an update. This record is fictional and included only for software demonstration. Case reference DEMO-0677.,2026-03-21,service_quality
DEMO-CMP-0678,Demo Citizen 0678,+961 00 000678,Bekaa,Demo Supermarket 124,The package weight printed on the label did not match the actual amount. I have photos and the receipt. Synthetic demo case for testing the complaint-triage prototype. Case reference DEMO-0678.,2026-05-20,price_fraud
DEMO-CMP-0679,Demo Citizen 0679,+961 00 000679,Bekaa,Demo Restaurant 141,I believe the product was counterfeit because the packaging and label did not match the item advertised. I kept the receipt. Synthetic demo case for testing the complaint-triage prototype. Case reference DEMO-0679.,2025-08-08,price_fraud
DEMO-CMP-0680,Demo Citizen 0680,+961 00 000680,Bekaa,Demo Butchery 012,I noticed a strong sewage smell and dirty standing water close to the food service area. Synthetic demo case for testing the complaint-triage prototype. Case reference DEMO-0680.,2025-03-01,hygiene
DEMO-CMP-0681,Demo Citizen 0681,+961 00 000681,Mount Lebanon,Demo Pharmacy 040,I noticed a strong sewage smell and dirty standing water close to the food service area. This is a synthetic demo record created for the public portfolio dataset. Case reference DEMO-0681.,2026-05-02,hygiene
DEMO-CMP-0682,Demo Citizen 0682,+961 00 000682,North Lebanon,Demo Catering Delivery 140,The shelf showed one price but I was charged a higher price at checkout. I kept the receipt showing the price mismatch. This is a synthetic demo record created for the public portfolio dataset. Case reference DEMO-0682.,2025-08-09,price_fraud
DEMO-CMP-0683,Demo Citizen 0683,+961 00 000683,Mount Lebanon,Demo Petrol Station 045,The item was advertised at a discount but the final bill included the full price and a hidden fee. Synthetic demo case for testing the complaint-triage prototype. Case reference DEMO-0683.,2025-10-04,price_fraud
DEMO-CMP-0684,Demo Citizen 0684,+961 00 000684,Beirut,Demo Supermarket 099,The meat I purchased had a chemical smell and looked unsafe. The establishment dismissed my concern and would not cooperate. Synthetic demo case for testing the complaint-triage prototype. Case reference DEMO-0684.,2025-10-16,food_safety
DEMO-CMP-0685,Demo Citizen 0685,+961 00 000685,Beirut,Demo Restaurant 100,I noticed a strong sewage smell and dirty standing water close to the food service area. This is a synthetic demo record created for the public portfolio dataset. Case reference DEMO-0685.,2026-04-21,hygiene
DEMO-CMP-0686,Demo Citizen 0686,+961 00 000686,Beirut,Demo Electronics 104,I received the wrong item and the employee became aggressive when I politely requested an exchange. This record is fictional and included only for software demonstration. Case reference DEMO-0686.,2026-05-31,service_quality
DEMO-CMP-0687,Demo Citizen 0687,+961 00 000687,Mount Lebanon,Demo Butchery 067,I purchased frozen food that was partly warm and the store refrigerator appeared to have no refrigeration. The product smelled spoiled. Synthetic demo case for testing the complaint-triage prototype. Case reference DEMO-0687.,2026-05-04,food_safety
DEMO-CMP-0688,Demo Citizen 0688,+961 00 000688,North Lebanon,Demo Petrol Station 047,The shelf showed one price but I was charged a higher price at checkout. I kept the receipt showing the price mismatch. Synthetic demo case for testing the complaint-triage prototype. Case reference DEMO-0688.,2026-02-24,price_fraud
DEMO-CMP-0689,Demo Citizen 0689,+961 00 000689,Beirut,Demo Supermarket 112,I observed rats near stored food boxes behind the service area. I took a photo and told the manager. This record is fictional and included only for software demonstration. Case reference DEMO-0689.,2025-07-05,hygiene
DEMO-CMP-0690,Demo Citizen 0690,+961 00 000690,Beirut,Demo Clothing Fashion 113,The business appears to have no permit for the activity being offered at this location. This is a synthetic demo record created for the public portfolio dataset. Case reference DEMO-0690.,2025-11-20,licensing
DEMO-CMP-0691,Demo Citizen 0691,+961 00 000691,Bekaa,Demo Pharmacy 066,The meat I purchased had a chemical smell and looked unsafe. The establishment dismissed my concern and would not cooperate. This is a synthetic demo record created for the public portfolio dataset. Case reference DEMO-0691.,2025-04-18,food_safety
DEMO-CMP-0692,Demo Citizen 0692,+961 00 000692,North Lebanon,Demo Restaurant 055,I noticed a strong sewage smell and dirty standing water close to the food service area. This is a synthetic demo record created for the public portfolio dataset. Case reference DEMO-0692.,2025-09-03,hygiene
DEMO-CMP-0693,Demo Citizen 0693,+961 00 000693,Mount Lebanon,Demo Pharmacy 082,The establishment displayed no required certificate and staff refused to show any licensing documents. Synthetic demo case for testing the complaint-triage prototype. Case reference DEMO-0693.,2025-05-21,licensing
DEMO-CMP-0694,Demo Citizen 0694,+961 00 000694,Mount Lebanon,Demo Supermarket 087,I found mold and a rotten smell in a bakery product I purchased. The manager refused a refund even after I showed the receipt. This record is fictional and included only for software demonstration. Case reference DEMO-0694.,2025-11-06,food_safety
DEMO-CMP-0695,Demo Citizen 0695,+961 00 000695,Mount Lebanon,Demo Restaurant 088,I noticed a strong sewage smell and dirty standing water close to the food service area. This is a synthetic demo record created for the public portfolio dataset. Case reference DEMO-0695.,2026-02-28,hygiene
DEMO-CMP-0696,Demo Citizen 0696,+961 00 000696,Mount Lebanon,Demo Restaurant 096,The package weight printed on the label did not match the actual amount. I have photos and the receipt. This record is fictional and included only for software demonstration. Case reference DEMO-0696.,2026-07-23,price_fraud
DEMO-CMP-0697,Demo Citizen 0697,+961 00 000697,North Lebanon,Demo Supermarket 090,Several people at our table became sick with diarrhea after eating the same dish. We visited a clinic and kept the receipt. This is a synthetic demo record created for the public portfolio dataset. Case reference DEMO-0697.,2026-01-31,food_safety
DEMO-CMP-0698,Demo Citizen 0698,+961 00 000698,Beirut,Demo Sweets Bakery 125,I asked a basic question about the service and the employee laughed and dismissed my concern. Synthetic demo case for testing the complaint-triage prototype. Case reference DEMO-0698.,2025-08-08,service_quality
DEMO-CMP-0699,Demo Citizen 0699,+961 00 000699,Beirut,Demo Supermarket 127,The meat I purchased had a chemical smell and looked unsafe. The establishment dismissed my concern and would not cooperate. Synthetic demo case for testing the complaint-triage prototype. Case reference DEMO-0699.,2025-08-20,food_safety
DEMO-CMP-0700,Demo Citizen 0700,+961 00 000700,Mount Lebanon,Demo Beach Resort 111,I found mold and a rotten smell in a bakery product I purchased. The manager refused a refund even after I showed the receipt. This record is fictional and included only for software demonstration. Case reference DEMO-0700.,2025-02-19,food_safety
DEMO-CMP-0701,Demo Citizen 0701,+961 00 000701,Bekaa,Demo Butchery 012,The business appears to have no permit for the activity being offered at this location. Synthetic demo case for testing the complaint-triage prototype. Case reference DEMO-0701.,2025-08-10,licensing
DEMO-CMP-0702,Demo Citizen 0702,+961 00 000702,Bekaa,Demo Catering Delivery 020,I saw cockroaches near the counter and the floor was filthy. Food was displayed uncovered beside the affected area. This is a synthetic demo record created for the public portfolio dataset. Case reference DEMO-0702.,2025-09-07,hygiene
DEMO-CMP-0703,Demo Citizen 0703,+961 00 000703,South Lebanon,Demo Restaurant 002,The service counter closed early without notice and staff refused to help customers who were already waiting. Synthetic demo case for testing the complaint-triage prototype. Case reference DEMO-0703.,2025-03-07,service_quality
DEMO-CMP-0704,Demo Citizen 0704,+961 00 000704,Beirut,Demo Sweets Bakery 007,The shelf showed one price but I was charged a higher price at checkout. I kept the receipt showing the price mismatch. Synthetic demo case for testing the complaint-triage prototype. Case reference DEMO-0704.,2026-05-03,price_fraud
DEMO-CMP-0705,Demo Citizen 0705,+961 00 000705,Bekaa,Demo Pharmacy 066,The establishment cancelled my reservation without informing me and then refused to help with a new time. This is a synthetic demo record created for the public portfolio dataset. Case reference DEMO-0705.,2025-10-18,service_quality
DEMO-CMP-0706,Demo Citizen 0706,+961 00 000706,South Lebanon,Demo Restaurant 016,"The preparation counter had grease, old food residue, and insects. Staff refused to clean it after customers complained. Synthetic demo case for testing the complaint-triage prototype. Case reference DEMO-0706.",2026-03-28,hygiene
DEMO-CMP-0707,Demo Citizen 0707,+961 00 000707,South Lebanon,Demo Hotel Resort 024,The service included an unexpected hidden fee that was not shown before payment. I asked for an invoice and was refused. Synthetic demo case for testing the complaint-triage prototype. Case reference DEMO-0707.,2026-05-11,price_fraud
DEMO-CMP-0708,Demo Citizen 0708,+961 00 000708,South Lebanon,Demo Street Food Vendor 036,The item was advertised at a discount but the final bill included the full price and a hidden fee. This is a synthetic demo record created for the public portfolio dataset. Case reference DEMO-0708.,2026-07-18,price_fraud
DEMO-CMP-0709,Demo Citizen 0709,+961 00 000709,South Lebanon,Demo Swimming Pool Water Park 039,Several people at our table became sick with diarrhea after eating the same dish. We visited a clinic and kept the receipt. Synthetic demo case for testing the complaint-triage prototype. Case reference DEMO-0709.,2026-02-16,food_safety
DEMO-CMP-0710,Demo Citizen 0710,+961 00 000710,North Lebanon,Demo Petrol Station 047,I found mold and a rotten smell in a bakery product I purchased. The manager refused a refund even after I showed the receipt. This record is fictional and included only for software demonstration. Case reference DEMO-0710.,2025-11-26,food_safety
DEMO-CMP-0711,Demo Citizen 0711,+961 00 000711,Mount Lebanon,Demo Supermarket 031,Employees handled raw meat and ready-to-eat food using the same tools. The preparation surface was visibly dirty. This is a synthetic demo record created for the public portfolio dataset. Case reference DEMO-0711.,2025-03-02,hygiene
DEMO-CMP-0712,Demo Citizen 0712,+961 00 000712,South Lebanon,Demo Street Food Vendor 048,A product was marketed with a misleading promotion and the final price was much higher than advertised. Synthetic demo case for testing the complaint-triage prototype. Case reference DEMO-0712.,2025-10-08,price_fraud
DEMO-CMP-0713,Demo Citizen 0713,+961 00 000713,Mount Lebanon,Demo Pharmacy 040,I found mold and a rotten smell in a bakery product I purchased. The manager refused a refund even after I showed the receipt. This record is fictional and included only for software demonstration. Case reference DEMO-0713.,2025-06-21,food_safety
DEMO-CMP-0714,Demo Citizen 0714,+961 00 000714,Bekaa,Demo Restaurant 141,My order was incomplete and staff refused to help when I reported the missing item. This record is fictional and included only for software demonstration. Case reference DEMO-0714.,2025-09-18,service_quality
DEMO-CMP-0715,Demo Citizen 0715,+961 00 000715,Mount Lebanon,Demo Petrol Station 045,The vendor appears unlicensed and is operating from a temporary stand without a permit. This is a synthetic demo record created for the public portfolio dataset. Case reference DEMO-0715.,2025-06-13,licensing
DEMO-CMP-0716,Demo Citizen 0716,+961 00 000716,Mount Lebanon,Demo Beach Resort 061,I bought a packaged dairy item and found it spoiled with a sour smell even though the expiry date had not passed. I kept the product and receipt as evidence. Synthetic demo case for testing the complaint-triage prototype. Case reference DEMO-0716.,2025-05-11,food_safety
DEMO-CMP-0717,Demo Citizen 0717,+961 00 000717,Mount Lebanon,Demo Butchery 064,The item was advertised at a discount but the final bill included the full price and a hidden fee. This record is fictional and included only for software demonstration. Case reference DEMO-0717.,2026-01-09,price_fraud
DEMO-CMP-0718,Demo Citizen 0718,+961 00 000718,Beirut,Demo Beach Resort 044,The service counter closed early without notice and staff refused to help customers who were already waiting. This is a synthetic demo record created for the public portfolio dataset. Case reference DEMO-0718.,2025-12-28,service_quality
DEMO-CMP-0719,Demo Citizen 0719,+961 00 000719,North Lebanon,Demo Supermarket 090,I found broken glass inside the outer packaging of a food product before serving it to my children. I took photos immediately. This is a synthetic demo record created for the public portfolio dataset. Case reference DEMO-0719.,2026-02-16,food_safety
DEMO-CMP-0720,Demo Citizen 0720,+961 00 000720,South Lebanon,Demo Petrol Station 103,The service included an unexpected hidden fee that was not shown before payment. I asked for an invoice and was refused. Synthetic demo case for testing the complaint-triage prototype. Case reference DEMO-0720.,2026-01-22,price_fraud
DEMO-CMP-0721,Demo Citizen 0721,+961 00 000721,Mount Lebanon,Demo Petrol Station 075,I was charged twice for the same item on the invoice. Staff ignored the error when I asked for a correction. This record is fictional and included only for software demonstration. Case reference DEMO-0721.,2025-09-29,price_fraud
DEMO-CMP-0722,Demo Citizen 0722,+961 00 000722,South Lebanon,Demo Petrol Station 108,Food trays were left uncovered for a long period with flies nearby. No gloves were used while serving. This is a synthetic demo record created for the public portfolio dataset. Case reference DEMO-0722.,2025-02-15,hygiene
DEMO-CMP-0723,Demo Citizen 0723,+961 00 000723,Mount Lebanon,Demo Hotel Resort 080,"After eating a prepared chicken meal, I developed vomiting and stomach cramps. My family had similar symptoms and a doctor said it could be food poisoning. This record is fictional and included only for software demonstration. Case reference DEMO-0723.",2025-07-24,food_safety
DEMO-CMP-0724,Demo Citizen 0724,+961 00 000724,Bekaa,Demo Pharmacy 026,I bought a packaged dairy item and found it spoiled with a sour smell even though the expiry date had not passed. I kept the product and receipt as evidence. This is a synthetic demo record created for the public portfolio dataset. Case reference DEMO-0724.,2026-07-19,food_safety
DEMO-CMP-0725,Demo Citizen 0725,+961 00 000725,South Lebanon,Demo Hotel Resort 130,The service counter closed early without notice and staff refused to help customers who were already waiting. This record is fictional and included only for software demonstration. Case reference DEMO-0725.,2025-10-30,service_quality
DEMO-CMP-0726,Demo Citizen 0726,+961 00 000726,Bekaa,Demo Pharmacy 066,I noticed a strong sewage smell and dirty standing water close to the food service area. Synthetic demo case for testing the complaint-triage prototype. Case reference DEMO-0726.,2025-12-31,hygiene
DEMO-CMP-0727,Demo Citizen 0727,+961 00 000727,Mount Lebanon,Demo Restaurant 088,The service included an unexpected hidden fee that was not shown before payment. I asked for an invoice and was refused. Synthetic demo case for testing the complaint-triage prototype. Case reference DEMO-0727.,2025-03-18,price_fraud
DEMO-CMP-0728,Demo Citizen 0728,+961 00 000728,North Lebanon,Demo Butchery 023,The establishment cancelled my reservation without informing me and then refused to help with a new time. Synthetic demo case for testing the complaint-triage prototype. Case reference DEMO-0728.,2026-02-14,service_quality
DEMO-CMP-0729,Demo Citizen 0729,+961 00 000729,Beirut,Demo Butchery 073,The service counter closed early without notice and staff refused to help customers who were already waiting. This is a synthetic demo record created for the public portfolio dataset. Case reference DEMO-0729.,2026-04-26,service_quality
DEMO-CMP-0730,Demo Citizen 0730,+961 00 000730,Mount Lebanon,Demo Cosmetics Beauty 102,The establishment overcharged me compared with the displayed menu price and refused a refund. This record is fictional and included only for software demonstration. Case reference DEMO-0730.,2026-05-06,price_fraud
DEMO-CMP-0731,Demo Citizen 0731,+961 00 000731,South Lebanon,Demo Hotel Resort 015,The business appears to have no permit for the activity being offered at this location. This record is fictional and included only for software demonstration. Case reference DEMO-0731.,2026-03-20,licensing
DEMO-CMP-0732,Demo Citizen 0732,+961 00 000732,Bekaa,Demo Swimming Pool Water Park 027,Employees handled raw meat and ready-to-eat food using the same tools. The preparation surface was visibly dirty. This record is fictional and included only for software demonstration. Case reference DEMO-0732.,2025-09-29,hygiene
DEMO-CMP-0733,Demo Citizen 0733,+961 00 000733,North Lebanon,Demo Catering Delivery 049,A ready-to-eat meal appeared contaminated and caused nausea later that evening. I kept the leftover container as evidence. Synthetic demo case for testing the complaint-triage prototype. Case reference DEMO-0733.,2025-08-11,food_safety
DEMO-CMP-0734,Demo Citizen 0734,+961 00 000734,Mount Lebanon,Demo Hotel Resort 118,My order was incomplete and staff refused to help when I reported the missing item. Synthetic demo case for testing the complaint-triage prototype. Case reference DEMO-0734.,2025-12-27,service_quality
DEMO-CMP-0735,Demo Citizen 0735,+961 00 000735,South Lebanon,Demo Swimming Pool Water Park 039,I purchased frozen food that was partly warm and the store refrigerator appeared to have no refrigeration. The product smelled spoiled. Synthetic demo case for testing the complaint-triage prototype. Case reference DEMO-0735.,2026-04-23,food_safety
DEMO-CMP-0736,Demo Citizen 0736,+961 00 000736,Bekaa,Demo Butchery 012,"The restroom and dining area were dirty, with overflowing waste and a strong bad smell. Staff ignored my complaint. This is a synthetic demo record created for the public portfolio dataset. Case reference DEMO-0736.",2026-01-17,hygiene
DEMO-CMP-0737,Demo Citizen 0737,+961 00 000737,North Lebanon,Demo Hotel Resort 060,A ready-to-eat meal appeared contaminated and caused nausea later that evening. I kept the leftover container as evidence. This is a synthetic demo record created for the public portfolio dataset. Case reference DEMO-0737.,2025-11-29,food_safety
DEMO-CMP-0738,Demo Citizen 0738,+961 00 000738,Bekaa,Demo Pharmacy 026,A ready-to-eat meal appeared contaminated and caused nausea later that evening. I kept the leftover container as evidence. Synthetic demo case for testing the complaint-triage prototype. Case reference DEMO-0738.,2025-06-17,food_safety
DEMO-CMP-0739,Demo Citizen 0739,+961 00 000739,Mount Lebanon,Demo Catering Delivery 006,I found broken glass inside the outer packaging of a food product before serving it to my children. I took photos immediately. This record is fictional and included only for software demonstration. Case reference DEMO-0739.,2025-01-04,food_safety
DEMO-CMP-0740,Demo Citizen 0740,+961 00 000740,North Lebanon,Demo Pharmacy 084,I was told the business is operating illegally while its permit renewal is still unresolved. Synthetic demo case for testing the complaint-triage prototype. Case reference DEMO-0740.,2025-01-31,licensing
DEMO-CMP-0741,Demo Citizen 0741,+961 00 000741,Beirut,Demo Restaurant 105,A ready-to-eat meal appeared contaminated and caused nausea later that evening. I kept the leftover container as evidence. Synthetic demo case for testing the complaint-triage prototype. Case reference DEMO-0741.,2026-05-08,food_safety
DEMO-CMP-0742,Demo Citizen 0742,+961 00 000742,Mount Lebanon,Demo Street Food Vendor 029,The vendor appears unlicensed and is operating from a temporary stand without a permit. This record is fictional and included only for software demonstration. Case reference DEMO-0742.,2025-02-18,licensing
DEMO-CMP-0743,Demo Citizen 0743,+961 00 000743,Mount Lebanon,Demo Supermarket 031,Food trays were left uncovered for a long period with flies nearby. No gloves were used while serving. This record is fictional and included only for software demonstration. Case reference DEMO-0743.,2025-09-29,hygiene
DEMO-CMP-0744,Demo Citizen 0744,+961 00 000744,South Lebanon,Demo Swimming Pool Water Park 092,I saw cockroaches near the counter and the floor was filthy. Food was displayed uncovered beside the affected area. This is a synthetic demo record created for the public portfolio dataset. Case reference DEMO-0744.,2026-07-19,hygiene
DEMO-CMP-0745,Demo Citizen 0745,+961 00 000745,North Lebanon,Demo Swimming Pool Water Park 133,The refrigerator display was warm and products requiring cooling were stored without proper refrigeration. This is a synthetic demo record created for the public portfolio dataset. Case reference DEMO-0745.,2025-09-26,hygiene
DEMO-CMP-0746,Demo Citizen 0746,+961 00 000746,South Lebanon,Demo Petrol Station 103,I paid for one kilogram of goods but my home scale showed a short weight. The receipt lists the full kilogram price. Synthetic demo case for testing the complaint-triage prototype. Case reference DEMO-0746.,2026-06-29,price_fraud
DEMO-CMP-0747,Demo Citizen 0747,+961 00 000747,Beirut,Demo Catering Delivery 117,The package weight printed on the label did not match the actual amount. I have photos and the receipt. Synthetic demo case for testing the complaint-triage prototype. Case reference DEMO-0747.,2026-07-11,price_fraud
DEMO-CMP-0748,Demo Citizen 0748,+961 00 000748,South Lebanon,Demo Petrol Station 108,The service is being offered without a license and there is no visible permit or registration information. This record is fictional and included only for software demonstration. Case reference DEMO-0748.,2025-11-01,licensing
DEMO-CMP-0749,Demo Citizen 0749,+961 00 000749,Beirut,Demo Sweets Bakery 120,The establishment displayed no required certificate and staff refused to show any licensing documents. This record is fictional and included only for software demonstration. Case reference DEMO-0749.,2026-04-10,licensing
DEMO-CMP-0750,Demo Citizen 0750,+961 00 000750,South Lebanon,Demo Swimming Pool Water Park 126,I believe the product was counterfeit because the packaging and label did not match the item advertised. I kept the receipt. Synthetic demo case for testing the complaint-triage prototype. Case reference DEMO-0750.,2025-01-15,price_fraud
DEMO-CMP-0751,Demo Citizen 0751,+961 00 000751,Bekaa,Demo Catering Delivery 020,The establishment displayed no required certificate and staff refused to show any licensing documents. This record is fictional and included only for software demonstration. Case reference DEMO-0751.,2025-01-28,licensing
DEMO-CMP-0752,Demo Citizen 0752,+961 00 000752,North Lebanon,Demo Supermarket 037,The package weight printed on the label did not match the actual amount. I have photos and the receipt. Synthetic demo case for testing the complaint-triage prototype. Case reference DEMO-0752.,2025-03-24,price_fraud
DEMO-CMP-0753,Demo Citizen 0753,+961 00 000753,Bekaa,Demo Swimming Pool Water Park 027,I bought a packaged dairy item and found it spoiled with a sour smell even though the expiry date had not passed. I kept the product and receipt as evidence. This record is fictional and included only for software demonstration. Case reference DEMO-0753.,2025-10-06,food_safety
DEMO-CMP-0754,Demo Citizen 0754,+961 00 000754,Bekaa,Demo Pharmacy 066,The package weight printed on the label did not match the actual amount. I have photos and the receipt. Synthetic demo case for testing the complaint-triage prototype. Case reference DEMO-0754.,2026-01-11,price_fraud
DEMO-CMP-0755,Demo Citizen 0755,+961 00 000755,Mount Lebanon,Demo Hotel Resort 080,The item was advertised at a discount but the final bill included the full price and a hidden fee. Synthetic demo case for testing the complaint-triage prototype. Case reference DEMO-0755.,2025-03-17,price_fraud
DEMO-CMP-0756,Demo Citizen 0756,+961 00 000756,Bekaa,Demo Restaurant 141,I purchased frozen food that was partly warm and the store refrigerator appeared to have no refrigeration. The product smelled spoiled. This record is fictional and included only for software demonstration. Case reference DEMO-0756.,2026-01-24,food_safety
DEMO-CMP-0757,Demo Citizen 0757,+961 00 000757,Beirut,Demo Catering Delivery 003,I booked a service appointment but no one was available at the scheduled time and the staff ignored my complaint. This is a synthetic demo record created for the public portfolio dataset. Case reference DEMO-0757.,2025-10-06,service_quality
DEMO-CMP-0758,Demo Citizen 0758,+961 00 000758,South Lebanon,Demo Restaurant 016,I waited a long time for assistance and staff repeatedly ignored my request even though the store was not busy. This record is fictional and included only for software demonstration. Case reference DEMO-0758.,2026-06-27,service_quality
DEMO-CMP-0759,Demo Citizen 0759,+961 00 000759,South Lebanon,Demo Hotel Resort 024,The cooked chicken I received was pink chicken in the center and seemed unsafe. I took photos and asked the staff for help. Synthetic demo case for testing the complaint-triage prototype. Case reference DEMO-0759.,2026-03-14,food_safety
DEMO-CMP-0760,Demo Citizen 0760,+961 00 000760,South Lebanon,Demo Street Food Vendor 036,The staff provided conflicting information and ignored repeated requests to speak with a supervisor. Synthetic demo case for testing the complaint-triage prototype. Case reference DEMO-0760.,2025-09-18,service_quality
DEMO-CMP-0761,Demo Citizen 0761,+961 00 000761,South Lebanon,Demo Swimming Pool Water Park 039,I asked to see the health permit and was told there was no certificate available at the location. This is a synthetic demo record created for the public portfolio dataset. Case reference DEMO-0761.,2025-05-10,licensing
DEMO-CMP-0762,Demo Citizen 0762,+961 00 000762,South Lebanon,Demo Catering Delivery 042,I purchased frozen food that was partly warm and the store refrigerator appeared to have no refrigeration. The product smelled spoiled. This record is fictional and included only for software demonstration. Case reference DEMO-0762.,2026-05-03,food_safety
DEMO-CMP-0763,Demo Citizen 0763,+961 00 000763,North Lebanon,Demo Supermarket 090,The operator refused to show a license or certificate and told me the documents were not available. This is a synthetic demo record created for the public portfolio dataset. Case reference DEMO-0763.,2025-07-15,licensing
DEMO-CMP-0764,Demo Citizen 0764,+961 00 000764,Beirut,Demo Pharmacy 017,The meat I purchased had a chemical smell and looked unsafe. The establishment dismissed my concern and would not cooperate. This is a synthetic demo record created for the public portfolio dataset. Case reference DEMO-0764.,2025-10-27,food_safety
DEMO-CMP-0765,Demo Citizen 0765,+961 00 000765,Bekaa,Demo Catering Delivery 020,I received the wrong item and the employee became aggressive when I politely requested an exchange. This record is fictional and included only for software demonstration. Case reference DEMO-0765.,2025-01-18,service_quality
DEMO-CMP-0766,Demo Citizen 0766,+961 00 000766,Mount Lebanon,Demo Hotel Resort 118,The food preparation area looked dirty and I saw flies around uncovered food. Staff were handling raw meat without gloves. This record is fictional and included only for software demonstration. Case reference DEMO-0766.,2026-02-02,hygiene
DEMO-CMP-0767,Demo Citizen 0767,+961 00 000767,Mount Lebanon,Demo Sweets Bakery 123,I booked a service appointment but no one was available at the scheduled time and the staff ignored my complaint. This is a synthetic demo record created for the public portfolio dataset. Case reference DEMO-0767.,2025-07-03,service_quality
DEMO-CMP-0768,Demo Citizen 0768,+961 00 000768,Beirut,Demo Supermarket 028,The package weight printed on the label did not match the actual amount. I have photos and the receipt. This record is fictional and included only for software demonstration. Case reference DEMO-0768.,2025-08-24,price_fraud
DEMO-CMP-0769,Demo Citizen 0769,+961 00 000769,South Lebanon,Demo Pharmacy 077,The meat I purchased had a chemical smell and looked unsafe. The establishment dismissed my concern and would not cooperate. This is a synthetic demo record created for the public portfolio dataset. Case reference DEMO-0769.,2026-04-11,food_safety
DEMO-CMP-0770,Demo Citizen 0770,+961 00 000770,North Lebanon,Demo Catering Delivery 140,I saw cockroaches near the counter and the floor was filthy. Food was displayed uncovered beside the affected area. This is a synthetic demo record created for the public portfolio dataset. Case reference DEMO-0770.,2025-11-14,hygiene
DEMO-CMP-0771,Demo Citizen 0771,+961 00 000771,Mount Lebanon,Demo Catering Delivery 006,The item was advertised at a discount but the final bill included the full price and a hidden fee. This record is fictional and included only for software demonstration. Case reference DEMO-0771.,2025-10-07,price_fraud
DEMO-CMP-0772,Demo Citizen 0772,+961 00 000772,Bekaa,Demo Catering Delivery 020,I purchased frozen food that was partly warm and the store refrigerator appeared to have no refrigeration. The product smelled spoiled. This record is fictional and included only for software demonstration. Case reference DEMO-0772.,2025-09-15,food_safety
DEMO-CMP-0773,Demo Citizen 0773,+961 00 000773,Beirut,Demo Furniture Home 046,The employee was dismissive when I asked for help with a return and refused to explain the store policy. This record is fictional and included only for software demonstration. Case reference DEMO-0773.,2025-10-04,service_quality
DEMO-CMP-0774,Demo Citizen 0774,+961 00 000774,Mount Lebanon,Demo Street Food Vendor 029,I saw cockroaches near the counter and the floor was filthy. Food was displayed uncovered beside the affected area. Synthetic demo case for testing the complaint-triage prototype. Case reference DEMO-0774.,2025-05-27,hygiene
DEMO-CMP-0775,Demo Citizen 0775,+961 00 000775,Mount Lebanon,Demo Supermarket 031,The business appears to be operating without a license. Staff could not show a permit when I asked. Synthetic demo case for testing the complaint-triage prototype. Case reference DEMO-0775.,2026-06-12,licensing
DEMO-CMP-0776,Demo Citizen 0776,+961 00 000776,Mount Lebanon,Demo Beach Resort 034,The meat I purchased had a chemical smell and looked unsafe. The establishment dismissed my concern and would not cooperate. This is a synthetic demo record created for the public portfolio dataset. Case reference DEMO-0776.,2025-05-03,food_safety
DEMO-CMP-0777,Demo Citizen 0777,+961 00 000777,South Lebanon,Demo Hotel Resort 130,I was told the business is operating illegally while its permit renewal is still unresolved. Synthetic demo case for testing the complaint-triage prototype. Case reference DEMO-0777.,2026-03-29,licensing
DEMO-CMP-0778,Demo Citizen 0778,+961 00 000778,Beirut,Demo Petrol Station 059,The operator refused to show a license or certificate and told me the documents were not available. This is a synthetic demo record created for the public portfolio dataset. Case reference DEMO-0778.,2025-11-09,licensing
DEMO-CMP-0779,Demo Citizen 0779,+961 00 000779,Beirut,Demo Sweets Bakery 063,I was told the business is operating illegally while its permit renewal is still unresolved. This is a synthetic demo record created for the public portfolio dataset. Case reference DEMO-0779.,2026-05-11,licensing
DEMO-CMP-0780,Demo Citizen 0780,+961 00 000780,Mount Lebanon,Demo Beach Resort 061,"The preparation counter had grease, old food residue, and insects. Staff refused to clean it after customers complained. Synthetic demo case for testing the complaint-triage prototype. Case reference DEMO-0780.",2026-04-26,hygiene
DEMO-CMP-0781,Demo Citizen 0781,+961 00 000781,Beirut,Demo Swimming Pool Water Park 070,I observed rats near stored food boxes behind the service area. I took a photo and told the manager. Synthetic demo case for testing the complaint-triage prototype. Case reference DEMO-0781.,2025-07-30,hygiene
DEMO-CMP-0782,Demo Citizen 0782,+961 00 000782,Beirut,Demo Restaurant 072,The food preparation area looked dirty and I saw flies around uncovered food. Staff were handling raw meat without gloves. This record is fictional and included only for software demonstration. Case reference DEMO-0782.,2026-04-26,hygiene
DEMO-CMP-0783,Demo Citizen 0783,+961 00 000783,North Lebanon,Demo Restaurant 079,I bought a packaged dairy item and found it spoiled with a sour smell even though the expiry date had not passed. I kept the product and receipt as evidence. This record is fictional and included only for software demonstration. Case reference DEMO-0783.,2025-01-21,food_safety
DEMO-CMP-0784,Demo Citizen 0784,+961 00 000784,Mount Lebanon,Demo Swimming Pool Water Park 068,I found broken glass inside the outer packaging of a food product before serving it to my children. I took photos immediately. Synthetic demo case for testing the complaint-triage prototype. Case reference DEMO-0784.,2025-10-05,food_safety
DEMO-CMP-0785,Demo Citizen 0785,+961 00 000785,Beirut,Demo Restaurant 083,The meat I purchased had a chemical smell and looked unsafe. The establishment dismissed my concern and would not cooperate. Synthetic demo case for testing the complaint-triage prototype. Case reference DEMO-0785.,2025-02-20,food_safety
DEMO-CMP-0786,Demo Citizen 0786,+961 00 000786,Mount Lebanon,Demo Supermarket 076,The employee was dismissive when I asked for help with a return and refused to explain the store policy. Synthetic demo case for testing the complaint-triage prototype. Case reference DEMO-0786.,2026-03-09,service_quality
DEMO-CMP-0787,Demo Citizen 0787,+961 00 000787,South Lebanon,Demo Swimming Pool Water Park 039,The food preparation area looked dirty and I saw flies around uncovered food. Staff were handling raw meat without gloves. This record is fictional and included only for software demonstration. Case reference DEMO-0787.,2025-09-19,hygiene
DEMO-CMP-0788,Demo Citizen 0788,+961 00 000788,North Lebanon,Demo Beach Resort 128,"The preparation counter had grease, old food residue, and insects. Staff refused to clean it after customers complained. This is a synthetic demo record created for the public portfolio dataset. Case reference DEMO-0788.",2026-01-23,hygiene
DEMO-CMP-0789,Demo Citizen 0789,+961 00 000789,Mount Lebanon,Demo Pharmacy 082,I believe the product was counterfeit because the packaging and label did not match the item advertised. I kept the receipt. Synthetic demo case for testing the complaint-triage prototype. Case reference DEMO-0789.,2026-06-15,price_fraud
DEMO-CMP-0790,Demo Citizen 0790,+961 00 000790,Mount Lebanon,Demo Supermarket 087,The vendor appears unlicensed and is operating from a temporary stand without a permit. This record is fictional and included only for software demonstration. Case reference DEMO-0790.,2025-04-21,licensing
DEMO-CMP-0791,Demo Citizen 0791,+961 00 000791,Mount Lebanon,Demo Restaurant 088,The employee was dismissive when I asked for help with a return and refused to explain the store policy. Synthetic demo case for testing the complaint-triage prototype. Case reference DEMO-0791.,2025-04-21,service_quality
DEMO-CMP-0792,Demo Citizen 0792,+961 00 000792,Bekaa,Demo Butchery 012,I received the wrong item and the employee became aggressive when I politely requested an exchange. Synthetic demo case for testing the complaint-triage prototype. Case reference DEMO-0792.,2025-04-09,service_quality
DEMO-CMP-0793,Demo Citizen 0793,+961 00 000793,Beirut,Demo Restaurant 100,Several people at our table became sick with diarrhea after eating the same dish. We visited a clinic and kept the receipt. This is a synthetic demo record created for the public portfolio dataset. Case reference DEMO-0793.,2026-01-03,food_safety
DEMO-CMP-0794,Demo Citizen 0794,+961 00 000794,North Lebanon,Demo Butchery 023,Several people at our table became sick with diarrhea after eating the same dish. We visited a clinic and kept the receipt. Synthetic demo case for testing the complaint-triage prototype. Case reference DEMO-0794.,2025-02-14,food_safety
DEMO-CMP-0795,Demo Citizen 0795,+961 00 000795,Beirut,Demo Restaurant 105,I received the wrong item and the employee became aggressive when I politely requested an exchange. This is a synthetic demo record created for the public portfolio dataset. Case reference DEMO-0795.,2026-04-03,service_quality
DEMO-CMP-0796,Demo Citizen 0796,+961 00 000796,North Lebanon,Demo Supermarket 037,The service included an unexpected hidden fee that was not shown before payment. I asked for an invoice and was refused. This is a synthetic demo record created for the public portfolio dataset. Case reference DEMO-0796.,2025-09-16,price_fraud
DEMO-CMP-0797,Demo Citizen 0797,+961 00 000797,North Lebanon,Demo Restaurant 038,The delivery arrived much later than promised and customer service would not cooperate when I asked for an update. Synthetic demo case for testing the complaint-triage prototype. Case reference DEMO-0797.,2026-07-25,service_quality
DEMO-CMP-0798,Demo Citizen 0798,+961 00 000798,South Lebanon,Demo Petrol Station 103,"The restroom and dining area were dirty, with overflowing waste and a strong bad smell. Staff ignored my complaint. Synthetic demo case for testing the complaint-triage prototype. Case reference DEMO-0798.",2026-01-12,hygiene
DEMO-CMP-0799,Demo Citizen 0799,+961 00 000799,South Lebanon,Demo Beach Resort 107,"After eating a prepared chicken meal, I developed vomiting and stomach cramps. My family had similar symptoms and a doctor said it could be food poisoning. This is a synthetic demo record created for the public portfolio dataset. Case reference DEMO-0799.",2025-02-15,food_safety
DEMO-CMP-0800,Demo Citizen 0800,+961 00 000800,Mount Lebanon,Demo Street Food Vendor 137,I asked a basic question about the service and the employee laughed and dismissed my concern. Synthetic demo case for testing the complaint-triage prototype. Case reference DEMO-0800.,2026-05-22,service_quality
DEMO-CMP-0801,Demo Citizen 0801,+961 00 000801,Bekaa,Demo Pharmacy 026,"The preparation counter had grease, old food residue, and insects. Staff refused to clean it after customers complained. This record is fictional and included only for software demonstration. Case reference DEMO-0801.",2025-07-07,hygiene
DEMO-CMP-0802,Demo Citizen 0802,+961 00 000802,South Lebanon,Demo Swimming Pool Water Park 126,A ready-to-eat meal appeared contaminated and caused nausea later that evening. I kept the leftover container as evidence. This is a synthetic demo record created for the public portfolio dataset. Case reference DEMO-0802.,2026-06-04,food_safety
DEMO-CMP-0803,Demo Citizen 0803,+961 00 000803,South Lebanon,Demo Hotel Resort 130,A ready-to-eat meal appeared contaminated and caused nausea later that evening. I kept the leftover container as evidence. This record is fictional and included only for software demonstration. Case reference DEMO-0803.,2025-09-10,food_safety
DEMO-CMP-0804,Demo Citizen 0804,+961 00 000804,Bekaa,Demo Supermarket 124,I waited a long time for assistance and staff repeatedly ignored my request even though the store was not busy. This is a synthetic demo record created for the public portfolio dataset. Case reference DEMO-0804.,2025-10-30,service_quality
DEMO-CMP-0805,Demo Citizen 0805,+961 00 000805,Beirut,Demo Restaurant 122,I received the wrong item and the employee became aggressive when I politely requested an exchange. This record is fictional and included only for software demonstration. Case reference DEMO-0805.,2025-02-14,service_quality
DEMO-CMP-0806,Demo Citizen 0806,+961 00 000806,Mount Lebanon,Demo Street Food Vendor 029,I found broken glass inside the outer packaging of a food product before serving it to my children. I took photos immediately. Synthetic demo case for testing the complaint-triage prototype. Case reference DEMO-0806.,2025-11-25,food_safety
DEMO-CMP-0807,Demo Citizen 0807,+961 00 000807,Mount Lebanon,Demo Supermarket 031,The package weight printed on the label did not match the actual amount. I have photos and the receipt. Synthetic demo case for testing the complaint-triage prototype. Case reference DEMO-0807.,2025-02-09,price_fraud
DEMO-CMP-0808,Demo Citizen 0808,+961 00 000808,Beirut,Demo Petrol Station 129,The establishment cancelled my reservation without informing me and then refused to help with a new time. Synthetic demo case for testing the complaint-triage prototype. Case reference DEMO-0808.,2025-03-01,service_quality
DEMO-CMP-0809,Demo Citizen 0809,+961 00 000809,Beirut,Demo Pharmacy 131,I was charged twice for the same item on the invoice. Staff ignored the error when I asked for a correction. This is a synthetic demo record created for the public portfolio dataset. Case reference DEMO-0809.,2025-02-07,price_fraud
DEMO-CMP-0810,Demo Citizen 0810,+961 00 000810,South Lebanon,Demo Restaurant 016,I asked a basic question about the service and the employee laughed and dismissed my concern. Synthetic demo case for testing the complaint-triage prototype. Case reference DEMO-0810.,2025-11-21,service_quality
DEMO-CMP-0811,Demo Citizen 0811,+961 00 000811,Beirut,Demo Catering Delivery 003,The employee was dismissive when I asked for help with a return and refused to explain the store policy. This is a synthetic demo record created for the public portfolio dataset. Case reference DEMO-0811.,2026-05-07,service_quality
DEMO-CMP-0812,Demo Citizen 0812,+961 00 000812,Bekaa,Demo Restaurant 141,I saw cockroaches near the counter and the floor was filthy. Food was displayed uncovered beside the affected area. This is a synthetic demo record created for the public portfolio dataset. Case reference DEMO-0812.,2025-06-13,hygiene
DEMO-CMP-0813,Demo Citizen 0813,+961 00 000813,South Lebanon,Demo Swimming Pool Water Park 039,I found broken glass inside the outer packaging of a food product before serving it to my children. I took photos immediately. This is a synthetic demo record created for the public portfolio dataset. Case reference DEMO-0813.,2026-04-26,food_safety
DEMO-CMP-0814,Demo Citizen 0814,+961 00 000814,Mount Lebanon,Demo Hotel Resort 065,The cooked chicken I received was pink chicken in the center and seemed unsafe. I took photos and asked the staff for help. This record is fictional and included only for software demonstration. Case reference DEMO-0814.,2025-09-02,food_safety
DEMO-CMP-0815,Demo Citizen 0815,+961 00 000815,North Lebanon,Demo Pharmacy 011,I was charged twice for the same item on the invoice. Staff ignored the error when I asked for a correction. Synthetic demo case for testing the complaint-triage prototype. Case reference DEMO-0815.,2025-04-14,price_fraud
DEMO-CMP-0816,Demo Citizen 0816,+961 00 000816,South Lebanon,Demo Street Food Vendor 048,A ready-to-eat meal appeared contaminated and caused nausea later that evening. I kept the leftover container as evidence. This is a synthetic demo record created for the public portfolio dataset. Case reference DEMO-0816.,2026-02-14,food_safety
DEMO-CMP-0817,Demo Citizen 0817,+961 00 000817,Mount Lebanon,Demo Petrol Station 075,The establishment overcharged me compared with the displayed menu price and refused a refund. Synthetic demo case for testing the complaint-triage prototype. Case reference DEMO-0817.,2025-04-01,price_fraud
DEMO-CMP-0818,Demo Citizen 0818,+961 00 000818,Beirut,Demo Pharmacy 017,I purchased frozen food that was partly warm and the store refrigerator appeared to have no refrigeration. The product smelled spoiled. Synthetic demo case for testing the complaint-triage prototype. Case reference DEMO-0818.,2025-05-22,food_safety
DEMO-CMP-0819,Demo Citizen 0819,+961 00 000819,Bekaa,Demo Restaurant 141,The establishment cancelled my reservation without informing me and then refused to help with a new time. Synthetic demo case for testing the complaint-triage prototype. Case reference DEMO-0819.,2025-07-12,service_quality
DEMO-CMP-0820,Demo Citizen 0820,+961 00 000820,Beirut,Demo Butchery 021,The service included an unexpected hidden fee that was not shown before payment. I asked for an invoice and was refused. This record is fictional and included only for software demonstration. Case reference DEMO-0820.,2026-03-05,price_fraud
DEMO-CMP-0821,Demo Citizen 0821,+961 00 000821,Bekaa,Demo Catering Delivery 020,The service included an unexpected hidden fee that was not shown before payment. I asked for an invoice and was refused. Synthetic demo case for testing the complaint-triage prototype. Case reference DEMO-0821.,2025-07-12,price_fraud
DEMO-CMP-0822,Demo Citizen 0822,+961 00 000822,South Lebanon,Demo Swimming Pool Water Park 092,A ready-to-eat meal appeared contaminated and caused nausea later that evening. I kept the leftover container as evidence. This is a synthetic demo record created for the public portfolio dataset. Case reference DEMO-0822.,2026-05-02,food_safety
DEMO-CMP-0823,Demo Citizen 0823,+961 00 000823,Beirut,Demo Supermarket 030,I was told the business is operating illegally while its permit renewal is still unresolved. This record is fictional and included only for software demonstration. Case reference DEMO-0823.,2026-04-23,licensing
DEMO-CMP-0824,Demo Citizen 0824,+961 00 000824,Beirut,Demo Supermarket 033,The cashier would not provide a receipt after charging a higher price than the label displayed. This is a synthetic demo record created for the public portfolio dataset. Case reference DEMO-0824.,2025-11-26,price_fraud
DEMO-CMP-0825,Demo Citizen 0825,+961 00 000825,North Lebanon,Demo Hotel Resort 060,The service counter closed early without notice and staff refused to help customers who were already waiting. Synthetic demo case for testing the complaint-triage prototype. Case reference DEMO-0825.,2026-06-27,service_quality
DEMO-CMP-0826,Demo Citizen 0826,+961 00 000826,Beirut,Demo Beach Resort 044,The employee was dismissive when I asked for help with a return and refused to explain the store policy. This record is fictional and included only for software demonstration. Case reference DEMO-0826.,2025-03-09,service_quality
DEMO-CMP-0827,Demo Citizen 0827,+961 00 000827,South Lebanon,Demo Beach Resort 109,The cooked chicken I received was pink chicken in the center and seemed unsafe. I took photos and asked the staff for help. Synthetic demo case for testing the complaint-triage prototype. Case reference DEMO-0827.,2025-02-16,food_safety
DEMO-CMP-0828,Demo Citizen 0828,+961 00 000828,Beirut,Demo Restaurant 050,A product was marketed with a misleading promotion and the final price was much higher than advertised. Synthetic demo case for testing the complaint-triage prototype. Case reference DEMO-0828.,2026-05-05,price_fraud
DEMO-CMP-0829,Demo Citizen 0829,+961 00 000829,Mount Lebanon,Demo Restaurant 114,The service counter closed early without notice and staff refused to help customers who were already waiting. This is a synthetic demo record created for the public portfolio dataset. Case reference DEMO-0829.,2026-02-17,service_quality
DEMO-CMP-0830,Demo Citizen 0830,+961 00 000830,Mount Lebanon,Demo Hotel Resort 118,A refrigerated product was still on the shelf past its expiry date. The package was bloated and had a bad smell when opened. Synthetic demo case for testing the complaint-triage prototype. Case reference DEMO-0830.,2025-06-29,food_safety
DEMO-CMP-0831,Demo Citizen 0831,+961 00 000831,Mount Lebanon,Demo Sweets Bakery 123,I found mold and a rotten smell in a bakery product I purchased. The manager refused a refund even after I showed the receipt. Synthetic demo case for testing the complaint-triage prototype. Case reference DEMO-0831.,2025-09-02,food_safety
DEMO-CMP-0832,Demo Citizen 0832,+961 00 000832,North Lebanon,Demo Beach Resort 128,I found mold and a rotten smell in a bakery product I purchased. The manager refused a refund even after I showed the receipt. This is a synthetic demo record created for the public portfolio dataset. Case reference DEMO-0832.,2026-01-22,food_safety
DEMO-CMP-0833,Demo Citizen 0833,+961 00 000833,Mount Lebanon,Demo Restaurant 001,The establishment overcharged me compared with the displayed menu price and refused a refund. This record is fictional and included only for software demonstration. Case reference DEMO-0833.,2025-10-19,price_fraud
DEMO-CMP-0834,Demo Citizen 0834,+961 00 000834,North Lebanon,Demo Restaurant 136,The business appears to be operating without a license. Staff could not show a permit when I asked. This record is fictional and included only for software demonstration. Case reference DEMO-0834.,2025-01-11,licensing
DEMO-CMP-0835,Demo Citizen 0835,+961 00 000835,South Lebanon,Demo Hotel Resort 015,The meat I purchased had a chemical smell and looked unsafe. The establishment dismissed my concern and would not cooperate. This record is fictional and included only for software demonstration. Case reference DEMO-0835.,2026-05-06,food_safety
DEMO-CMP-0836,Demo Citizen 0836,+961 00 000836,North Lebanon,Demo Catering Delivery 140,The cooked chicken I received was pink chicken in the center and seemed unsafe. I took photos and asked the staff for help. This record is fictional and included only for software demonstration. Case reference DEMO-0836.,2026-01-21,food_safety
DEMO-CMP-0837,Demo Citizen 0837,+961 00 000837,North Lebanon,Demo Pharmacy 011,I paid for one kilogram of goods but my home scale showed a short weight. The receipt lists the full kilogram price. This is a synthetic demo record created for the public portfolio dataset. Case reference DEMO-0837.,2025-07-29,price_fraud
DEMO-CMP-0838,Demo Citizen 0838,+961 00 000838,Beirut,Demo Retail Services 078,I bought a packaged dairy item and found it spoiled with a sour smell even though the expiry date had not passed. I kept the product and receipt as evidence. Synthetic demo case for testing the complaint-triage prototype. Case reference DEMO-0838.,2026-05-29,food_safety
DEMO-CMP-0839,Demo Citizen 0839,+961 00 000839,North Lebanon,Demo Supermarket 032,The service included an unexpected hidden fee that was not shown before payment. I asked for an invoice and was refused. This is a synthetic demo record created for the public portfolio dataset. Case reference DEMO-0839.,2025-07-04,price_fraud
DEMO-CMP-0840,Demo Citizen 0840,+961 00 000840,Mount Lebanon,Demo Beach Resort 034,I believe the product was counterfeit because the packaging and label did not match the item advertised. I kept the receipt. This is a synthetic demo record created for the public portfolio dataset. Case reference DEMO-0840.,2025-05-07,price_fraud
DEMO-CMP-0841,Demo Citizen 0841,+961 00 000841,Mount Lebanon,Demo Pharmacy 040,I was told the business is operating illegally while its permit renewal is still unresolved. This record is fictional and included only for software demonstration. Case reference DEMO-0841.,2026-05-09,licensing
DEMO-CMP-0842,Demo Citizen 0842,+961 00 000842,Beirut,Demo Supermarket 089,I was charged twice for the same item on the invoice. Staff ignored the error when I asked for a correction. This record is fictional and included only for software demonstration. Case reference DEMO-0842.,2026-05-01,price_fraud
DEMO-CMP-0843,Demo Citizen 0843,+961 00 000843,Mount Lebanon,Demo Petrol Station 045,A refrigerated product was still on the shelf past its expiry date. The package was bloated and had a bad smell when opened. This record is fictional and included only for software demonstration. Case reference DEMO-0843.,2026-03-17,food_safety
DEMO-CMP-0844,Demo Citizen 0844,+961 00 000844,Mount Lebanon,Demo Beach Resort 061,I was charged twice for the same item on the invoice. Staff ignored the error when I asked for a correction. This record is fictional and included only for software demonstration. Case reference DEMO-0844.,2025-03-13,price_fraud
DEMO-CMP-0845,Demo Citizen 0845,+961 00 000845,Beirut,Demo Catering Delivery 097,The refrigerator display was warm and products requiring cooling were stored without proper refrigeration. This is a synthetic demo record created for the public portfolio dataset. Case reference DEMO-0845.,2026-06-20,hygiene
DEMO-CMP-0846,Demo Citizen 0846,+961 00 000846,Mount Lebanon,Demo Hotel Resort 065,Employees handled raw meat and ready-to-eat food using the same tools. The preparation surface was visibly dirty. This record is fictional and included only for software demonstration. Case reference DEMO-0846.,2026-07-10,hygiene
DEMO-CMP-0847,Demo Citizen 0847,+961 00 000847,Bekaa,Demo Restaurant 141,The establishment cancelled my reservation without informing me and then refused to help with a new time. This is a synthetic demo record created for the public portfolio dataset. Case reference DEMO-0847.,2025-12-28,service_quality
DEMO-CMP-0848,Demo Citizen 0848,+961 00 000848,Beirut,Demo Electronics 104,The service counter closed early without notice and staff refused to help customers who were already waiting. This record is fictional and included only for software demonstration. Case reference DEMO-0848.,2026-04-26,service_quality
DEMO-CMP-0849,Demo Citizen 0849,+961 00 000849,North Lebanon,Demo Restaurant 079,The service is being offered without a license and there is no visible permit or registration information. This record is fictional and included only for software demonstration. Case reference DEMO-0849.,2025-01-03,licensing
DEMO-CMP-0850,Demo Citizen 0850,+961 00 000850,Bekaa,Demo Pharmacy 026,I waited a long time for assistance and staff repeatedly ignored my request even though the store was not busy. This record is fictional and included only for software demonstration. Case reference DEMO-0850.,2026-02-13,service_quality
DEMO-CMP-0851,Demo Citizen 0851,+961 00 000851,Beirut,Demo Supermarket 112,I believe the product was counterfeit because the packaging and label did not match the item advertised. I kept the receipt. This record is fictional and included only for software demonstration. Case reference DEMO-0851.,2026-06-18,price_fraud
DEMO-CMP-0852,Demo Citizen 0852,+961 00 000852,Mount Lebanon,Demo Beach Resort 081,I saw cockroaches near the counter and the floor was filthy. Food was displayed uncovered beside the affected area. This record is fictional and included only for software demonstration. Case reference DEMO-0852.,2025-02-20,hygiene
DEMO-CMP-0853,Demo Citizen 0853,+961 00 000853,Beirut,Demo Supermarket 115,The shelf showed one price but I was charged a higher price at checkout. I kept the receipt showing the price mismatch. This is a synthetic demo record created for the public portfolio dataset. Case reference DEMO-0853.,2026-06-21,price_fraud
DEMO-CMP-0854,Demo Citizen 0854,+961 00 000854,Bekaa,Demo Restaurant 141,"I asked for the required operating certificate, but the manager said it was missing and dismissed my concern. This is a synthetic demo record created for the public portfolio dataset. Case reference DEMO-0854.",2025-12-18,licensing
DEMO-CMP-0855,Demo Citizen 0855,+961 00 000855,North Lebanon,Demo Swimming Pool Water Park 133,I booked a service appointment but no one was available at the scheduled time and the staff ignored my complaint. This record is fictional and included only for software demonstration. Case reference DEMO-0855.,2026-01-11,service_quality
DEMO-CMP-0856,Demo Citizen 0856,+961 00 000856,South Lebanon,Demo Hotel Resort 132,I asked a basic question about the service and the employee laughed and dismissed my concern. This record is fictional and included only for software demonstration. Case reference DEMO-0856.,2025-08-25,service_quality
DEMO-CMP-0857,Demo Citizen 0857,+961 00 000857,South Lebanon,Demo Supermarket 135,The vendor appears unlicensed and is operating from a temporary stand without a permit. Synthetic demo case for testing the complaint-triage prototype. Case reference DEMO-0857.,2025-07-13,licensing
DEMO-CMP-0858,Demo Citizen 0858,+961 00 000858,Bekaa,Demo Swimming Pool Water Park 027,The item was advertised at a discount but the final bill included the full price and a hidden fee. This is a synthetic demo record created for the public portfolio dataset. Case reference DEMO-0858.,2025-10-07,price_fraud
DEMO-CMP-0859,Demo Citizen 0859,+961 00 000859,Beirut,Demo Restaurant 122,The business appears to be operating without a license. Staff could not show a permit when I asked. This is a synthetic demo record created for the public portfolio dataset. Case reference DEMO-0859.,2025-06-18,licensing
DEMO-CMP-0860,Demo Citizen 0860,+961 00 000860,Bekaa,Demo Supermarket 124,I believe the product was counterfeit because the packaging and label did not match the item advertised. I kept the receipt. Synthetic demo case for testing the complaint-triage prototype. Case reference DEMO-0860.,2026-06-10,price_fraud
DEMO-CMP-0861,Demo Citizen 0861,+961 00 000861,Bekaa,Demo Restaurant 141,The shelf showed one price but I was charged a higher price at checkout. I kept the receipt showing the price mismatch. This is a synthetic demo record created for the public portfolio dataset. Case reference DEMO-0861.,2025-04-08,price_fraud
DEMO-CMP-0862,Demo Citizen 0862,+961 00 000862,South Lebanon,Demo Restaurant 016,I observed rats near stored food boxes behind the service area. I took a photo and told the manager. This is a synthetic demo record created for the public portfolio dataset. Case reference DEMO-0862.,2025-05-23,hygiene
DEMO-CMP-0863,Demo Citizen 0863,+961 00 000863,Beirut,Demo Pharmacy 131,"The preparation counter had grease, old food residue, and insects. Staff refused to clean it after customers complained. This record is fictional and included only for software demonstration. Case reference DEMO-0863.",2026-04-22,hygiene
DEMO-CMP-0864,Demo Citizen 0864,+961 00 000864,South Lebanon,Demo Street Food Vendor 036,The business appears to have no permit for the activity being offered at this location. This is a synthetic demo record created for the public portfolio dataset. Case reference DEMO-0864.,2025-06-11,licensing
DEMO-CMP-0865,Demo Citizen 0865,+961 00 000865,Bekaa,Demo Swimming Pool Water Park 027,The cashier would not provide a receipt after charging a higher price than the label displayed. This record is fictional and included only for software demonstration. Case reference DEMO-0865.,2026-07-29,price_fraud
DEMO-CMP-0866,Demo Citizen 0866,+961 00 000866,Beirut,Demo Sweets Bakery 007,Several people at our table became sick with diarrhea after eating the same dish. We visited a clinic and kept the receipt. Synthetic demo case for testing the complaint-triage prototype. Case reference DEMO-0866.,2026-03-28,food_safety
DEMO-CMP-0867,Demo Citizen 0867,+961 00 000867,Mount Lebanon,Demo Catering Delivery 006,The establishment cancelled my reservation without informing me and then refused to help with a new time. This is a synthetic demo record created for the public portfolio dataset. Case reference DEMO-0867.,2026-04-27,service_quality
DEMO-CMP-0868,Demo Citizen 0868,+961 00 000868,Beirut,Demo Supermarket 009,The establishment displayed no required certificate and staff refused to show any licensing documents. This record is fictional and included only for software demonstration. Case reference DEMO-0868.,2025-10-21,licensing
DEMO-CMP-0869,Demo Citizen 0869,+961 00 000869,North Lebanon,Demo Hotel Resort 060,"The restroom and dining area were dirty, with overflowing waste and a strong bad smell. Staff ignored my complaint. This is a synthetic demo record created for the public portfolio dataset. Case reference DEMO-0869.",2026-06-03,hygiene
DEMO-CMP-0870,Demo Citizen 0870,+961 00 000870,Beirut,Demo Supermarket 013,I booked a service appointment but no one was available at the scheduled time and the staff ignored my complaint. This is a synthetic demo record created for the public portfolio dataset. Case reference DEMO-0870.,2025-11-13,service_quality
DEMO-CMP-0871,Demo Citizen 0871,+961 00 000871,South Lebanon,Demo Supermarket 062,I observed rats near stored food boxes behind the service area. I took a photo and told the manager. This is a synthetic demo record created for the public portfolio dataset. Case reference DEMO-0871.,2026-01-08,hygiene
DEMO-CMP-0872,Demo Citizen 0872,+961 00 000872,Mount Lebanon,Demo Beach Resort 034,The cooked chicken I received was pink chicken in the center and seemed unsafe. I took photos and asked the staff for help. This is a synthetic demo record created for the public portfolio dataset. Case reference DEMO-0872.,2026-01-18,food_safety
DEMO-CMP-0873,Demo Citizen 0873,+961 00 000873,South Lebanon,Demo Pharmacy 077,The swimming area had murky water and visible algae around the edges. The filter appeared broken. This record is fictional and included only for software demonstration. Case reference DEMO-0873.,2026-02-11,hygiene
DEMO-CMP-0874,Demo Citizen 0874,+961 00 000874,North Lebanon,Demo Petrol Station 093,The employee was dismissive when I asked for help with a return and refused to explain the store policy. Synthetic demo case for testing the complaint-triage prototype. Case reference DEMO-0874.,2025-10-17,service_quality
DEMO-CMP-0875,Demo Citizen 0875,+961 00 000875,Beirut,Demo Butchery 025,I asked to see the health permit and was told there was no certificate available at the location. This is a synthetic demo record created for the public portfolio dataset. Case reference DEMO-0875.,2025-08-28,licensing
DEMO-CMP-0876,Demo Citizen 0876,+961 00 000876,North Lebanon,Demo Beach Resort 128,The employee was dismissive when I asked for help with a return and refused to explain the store policy. This is a synthetic demo record created for the public portfolio dataset. Case reference DEMO-0876.,2026-03-28,service_quality
DEMO-CMP-0877,Demo Citizen 0877,+961 00 000877,Bekaa,Demo Catering Delivery 020,A refrigerated product was still on the shelf past its expiry date. The package was bloated and had a bad smell when opened. This is a synthetic demo record created for the public portfolio dataset. Case reference DEMO-0877.,2025-10-27,food_safety
DEMO-CMP-0878,Demo Citizen 0878,+961 00 000878,Mount Lebanon,Demo Hotel Resort 065,"The preparation counter had grease, old food residue, and insects. Staff refused to clean it after customers complained. This is a synthetic demo record created for the public portfolio dataset. Case reference DEMO-0878.",2026-03-24,hygiene
DEMO-CMP-0879,Demo Citizen 0879,+961 00 000879,Beirut,Demo Clothing Fashion 035,The vendor appears unlicensed and is operating from a temporary stand without a permit. Synthetic demo case for testing the complaint-triage prototype. Case reference DEMO-0879.,2025-05-30,licensing
DEMO-CMP-0880,Demo Citizen 0880,+961 00 000880,Beirut,Demo Beach Resort 044,I was told the business is operating illegally while its permit renewal is still unresolved. Synthetic demo case for testing the complaint-triage prototype. Case reference DEMO-0880.,2026-03-30,licensing
DEMO-CMP-0881,Demo Citizen 0881,+961 00 000881,South Lebanon,Demo Hotel Resort 130,I asked to see the health permit and was told there was no certificate available at the location. Synthetic demo case for testing the complaint-triage prototype. Case reference DEMO-0881.,2026-07-29,licensing
DEMO-CMP-0882,Demo Citizen 0882,+961 00 000882,Beirut,Demo Restaurant 050,Food trays were left uncovered for a long period with flies nearby. No gloves were used while serving. This is a synthetic demo record created for the public portfolio dataset. Case reference DEMO-0882.,2025-09-06,hygiene
DEMO-CMP-0883,Demo Citizen 0883,+961 00 000883,South Lebanon,Demo Supermarket 135,The staff provided conflicting information and ignored repeated requests to speak with a supervisor. This record is fictional and included only for software demonstration. Case reference DEMO-0883.,2025-01-30,service_quality
DEMO-CMP-0884,Demo Citizen 0884,+961 00 000884,South Lebanon,Demo Catering Delivery 139,I found broken glass inside the outer packaging of a food product before serving it to my children. I took photos immediately. This record is fictional and included only for software demonstration. Case reference DEMO-0884.,2025-12-29,food_safety
DEMO-CMP-0885,Demo Citizen 0885,+961 00 000885,Mount Lebanon,Demo Pharmacy 082,The establishment overcharged me compared with the displayed menu price and refused a refund. This record is fictional and included only for software demonstration. Case reference DEMO-0885.,2025-11-06,price_fraud
DEMO-CMP-0886,Demo Citizen 0886,+961 00 000886,North Lebanon,Demo Petrol Station 047,The cooked chicken I received was pink chicken in the center and seemed unsafe. I took photos and asked the staff for help. This is a synthetic demo record created for the public portfolio dataset. Case reference DEMO-0886.,2026-05-09,food_safety
DEMO-CMP-0887,Demo Citizen 0887,+961 00 000887,Mount Lebanon,Demo Restaurant 088,I believe the product was counterfeit because the packaging and label did not match the item advertised. I kept the receipt. Synthetic demo case for testing the complaint-triage prototype. Case reference DEMO-0887.,2025-04-29,price_fraud
DEMO-CMP-0888,Demo Citizen 0888,+961 00 000888,Bekaa,Demo Supermarket 124,The establishment displayed no required certificate and staff refused to show any licensing documents. Synthetic demo case for testing the complaint-triage prototype. Case reference DEMO-0888.,2026-03-25,licensing
DEMO-CMP-0889,Demo Citizen 0889,+961 00 000889,Mount Lebanon,Demo Petrol Station 101,I booked a service appointment but no one was available at the scheduled time and the staff ignored my complaint. Synthetic demo case for testing the complaint-triage prototype. Case reference DEMO-0889.,2025-10-21,service_quality
DEMO-CMP-0890,Demo Citizen 0890,+961 00 000890,Beirut,Demo Restaurant 072,I observed rats near stored food boxes behind the service area. I took a photo and told the manager. This is a synthetic demo record created for the public portfolio dataset. Case reference DEMO-0890.,2025-11-04,hygiene
DEMO-CMP-0891,Demo Citizen 0891,+961 00 000891,Beirut,Demo Butchery 073,I received the wrong item and the employee became aggressive when I politely requested an exchange. This record is fictional and included only for software demonstration. Case reference DEMO-0891.,2025-01-27,service_quality
DEMO-CMP-0892,Demo Citizen 0892,+961 00 000892,Mount Lebanon,Demo Beach Resort 111,Several people at our table became sick with diarrhea after eating the same dish. We visited a clinic and kept the receipt. This is a synthetic demo record created for the public portfolio dataset. Case reference DEMO-0892.,2026-01-24,food_safety
DEMO-CMP-0893,Demo Citizen 0893,+961 00 000893,Beirut,Demo Restaurant 083,The employee was dismissive when I asked for help with a return and refused to explain the store policy. This record is fictional and included only for software demonstration. Case reference DEMO-0893.,2025-01-19,service_quality
DEMO-CMP-0894,Demo Citizen 0894,+961 00 000894,Bekaa,Demo Pharmacy 066,I purchased frozen food that was partly warm and the store refrigerator appeared to have no refrigeration. The product smelled spoiled. Synthetic demo case for testing the complaint-triage prototype. Case reference DEMO-0894.,2026-04-18,food_safety
DEMO-CMP-0895,Demo Citizen 0895,+961 00 000895,Bekaa,Demo Supermarket 124,I found mold and a rotten smell in a bakery product I purchased. The manager refused a refund even after I showed the receipt. This record is fictional and included only for software demonstration. Case reference DEMO-0895.,2025-10-23,food_safety
DEMO-CMP-0896,Demo Citizen 0896,+961 00 000896,South Lebanon,Demo Restaurant 057,The service included an unexpected hidden fee that was not shown before payment. I asked for an invoice and was refused. This record is fictional and included only for software demonstration. Case reference DEMO-0896.,2025-08-25,price_fraud
DEMO-CMP-0897,Demo Citizen 0897,+961 00 000897,Bekaa,Demo Butchery 012,I was charged twice for the same item on the invoice. Staff ignored the error when I asked for a correction. Synthetic demo case for testing the complaint-triage prototype. Case reference DEMO-0897.,2025-04-03,price_fraud
DEMO-CMP-0898,Demo Citizen 0898,+961 00 000898,Mount Lebanon,Demo Beach Resort 004,The employee was dismissive when I asked for help with a return and refused to explain the store policy. This is a synthetic demo record created for the public portfolio dataset. Case reference DEMO-0898.,2026-01-21,service_quality
DEMO-CMP-0899,Demo Citizen 0899,+961 00 000899,North Lebanon,Demo Swimming Pool Water Park 133,I was told the business is operating illegally while its permit renewal is still unresolved. This is a synthetic demo record created for the public portfolio dataset. Case reference DEMO-0899.,2025-04-10,licensing
DEMO-CMP-0900,Demo Citizen 0900,+961 00 000900,North Lebanon,Demo Restaurant 136,The cooked chicken I received was pink chicken in the center and seemed unsafe. I took photos and asked the staff for help. This record is fictional and included only for software demonstration. Case reference DEMO-0900.,2025-05-11,food_safety
DEMO-CMP-0901,Demo Citizen 0901,+961 00 000901,Bekaa,Demo Pharmacy 066,The shelf showed one price but I was charged a higher price at checkout. I kept the receipt showing the price mismatch. Synthetic demo case for testing the complaint-triage prototype. Case reference DEMO-0901.,2025-04-11,price_fraud
DEMO-CMP-0902,Demo Citizen 0902,+961 00 000902,North Lebanon,Demo Catering Delivery 140,There is no visible health permit and employees could not confirm that the establishment is licensed. This record is fictional and included only for software demonstration. Case reference DEMO-0902.,2025-12-17,licensing
DEMO-CMP-0903,Demo Citizen 0903,+961 00 000903,Bekaa,Demo Restaurant 141,I waited a long time for assistance and staff repeatedly ignored my request even though the store was not busy. Synthetic demo case for testing the complaint-triage prototype. Case reference DEMO-0903.,2026-07-09,service_quality
DEMO-CMP-0904,Demo Citizen 0904,+961 00 000904,Mount Lebanon,Demo Beach Resort 034,Employees handled raw meat and ready-to-eat food using the same tools. The preparation surface was visibly dirty. This is a synthetic demo record created for the public portfolio dataset. Case reference DEMO-0904.,2025-06-24,hygiene
DEMO-CMP-0905,Demo Citizen 0905,+961 00 000905,North Lebanon,Demo Supermarket 032,The operator refused to show a license or certificate and told me the documents were not available. This record is fictional and included only for software demonstration. Case reference DEMO-0905.,2025-12-24,licensing
DEMO-CMP-0906,Demo Citizen 0906,+961 00 000906,Bekaa,Demo Pharmacy 026,I waited a long time for assistance and staff repeatedly ignored my request even though the store was not busy. Synthetic demo case for testing the complaint-triage prototype. Case reference DEMO-0906.,2025-11-15,service_quality
DEMO-CMP-0907,Demo Citizen 0907,+961 00 000907,Bekaa,Demo Swimming Pool Water Park 027,I saw cockroaches near the counter and the floor was filthy. Food was displayed uncovered beside the affected area. This record is fictional and included only for software demonstration. Case reference DEMO-0907.,2026-01-12,hygiene
DEMO-CMP-0908,Demo Citizen 0908,+961 00 000908,North Lebanon,Demo Petrol Station 047,The item was advertised at a discount but the final bill included the full price and a hidden fee. This record is fictional and included only for software demonstration. Case reference DEMO-0908.,2026-06-27,price_fraud
DEMO-CMP-0909,Demo Citizen 0909,+961 00 000909,Mount Lebanon,Demo Butchery 064,The establishment displayed no required certificate and staff refused to show any licensing documents. Synthetic demo case for testing the complaint-triage prototype. Case reference DEMO-0909.,2025-06-24,licensing
DEMO-CMP-0910,Demo Citizen 0910,+961 00 000910,North Lebanon,Demo Butchery 051,"The restroom and dining area were dirty, with overflowing waste and a strong bad smell. Staff ignored my complaint. This record is fictional and included only for software demonstration. Case reference DEMO-0910.",2025-08-31,hygiene
DEMO-CMP-0911,Demo Citizen 0911,+961 00 000911,Bekaa,Demo Butchery 012,A ready-to-eat meal appeared contaminated and caused nausea later that evening. I kept the leftover container as evidence. Synthetic demo case for testing the complaint-triage prototype. Case reference DEMO-0911.,2025-12-03,food_safety
DEMO-CMP-0912,Demo Citizen 0912,+961 00 000912,South Lebanon,Demo Toys Children 005,I asked a basic question about the service and the employee laughed and dismissed my concern. This record is fictional and included only for software demonstration. Case reference DEMO-0912.,2026-01-25,service_quality
DEMO-CMP-0913,Demo Citizen 0913,+961 00 000913,Mount Lebanon,Demo Petrol Station 075,The service included an unexpected hidden fee that was not shown before payment. I asked for an invoice and was refused. This record is fictional and included only for software demonstration. Case reference DEMO-0913.,2026-02-26,price_fraud
DEMO-CMP-0914,Demo Citizen 0914,+961 00 000914,Bekaa,Demo Swimming Pool Water Park 027,A product was marketed with a misleading promotion and the final price was much higher than advertised. This record is fictional and included only for software demonstration. Case reference DEMO-0914.,2025-10-13,price_fraud
DEMO-CMP-0915,Demo Citizen 0915,+961 00 000915,Mount Lebanon,Demo Hotel Resort 080,The employee was dismissive when I asked for help with a return and refused to explain the store policy. This record is fictional and included only for software demonstration. Case reference DEMO-0915.,2026-01-04,service_quality
DEMO-CMP-0916,Demo Citizen 0916,+961 00 000916,North Lebanon,Demo Pharmacy 084,I purchased frozen food that was partly warm and the store refrigerator appeared to have no refrigeration. The product smelled spoiled. Synthetic demo case for testing the complaint-triage prototype. Case reference DEMO-0916.,2026-01-10,food_safety
DEMO-CMP-0917,Demo Citizen 0917,+961 00 000917,Beirut,Demo Pharmacy 131,I asked a basic question about the service and the employee laughed and dismissed my concern. This record is fictional and included only for software demonstration. Case reference DEMO-0917.,2026-02-08,service_quality
DEMO-CMP-0918,Demo Citizen 0918,+961 00 000918,North Lebanon,Demo Petrol Station 093,The swimming area had murky water and visible algae around the edges. The filter appeared broken. Synthetic demo case for testing the complaint-triage prototype. Case reference DEMO-0918.,2025-10-23,hygiene
DEMO-CMP-0919,Demo Citizen 0919,+961 00 000919,South Lebanon,Demo Butchery 043,My order was incomplete and staff refused to help when I reported the missing item. This record is fictional and included only for software demonstration. Case reference DEMO-0919.,2025-06-02,service_quality
DEMO-CMP-0920,Demo Citizen 0920,+961 00 000920,Mount Lebanon,Demo Restaurant 096,The meat I purchased had a chemical smell and looked unsafe. The establishment dismissed my concern and would not cooperate. Synthetic demo case for testing the complaint-triage prototype. Case reference DEMO-0920.,2026-01-01,food_safety
DEMO-CMP-0921,Demo Citizen 0921,+961 00 000921,Bekaa,Demo Swimming Pool Water Park 027,I saw cockroaches near the counter and the floor was filthy. Food was displayed uncovered beside the affected area. This is a synthetic demo record created for the public portfolio dataset. Case reference DEMO-0921.,2025-10-06,hygiene
DEMO-CMP-0922,Demo Citizen 0922,+961 00 000922,Bekaa,Demo Pharmacy 066,I noticed a strong sewage smell and dirty standing water close to the food service area. This is a synthetic demo record created for the public portfolio dataset. Case reference DEMO-0922.,2025-11-30,hygiene
DEMO-CMP-0923,Demo Citizen 0923,+961 00 000923,North Lebanon,Demo Butchery 138,There is no visible health permit and employees could not confirm that the establishment is licensed. This record is fictional and included only for software demonstration. Case reference DEMO-0923.,2026-04-15,licensing
DEMO-CMP-0924,Demo Citizen 0924,+961 00 000924,North Lebanon,Demo Catering Delivery 140,The business appears to have no permit for the activity being offered at this location. Synthetic demo case for testing the complaint-triage prototype. Case reference DEMO-0924.,2026-06-17,licensing
DEMO-CMP-0925,Demo Citizen 0925,+961 00 000925,Mount Lebanon,Demo Restaurant 114,The establishment cancelled my reservation without informing me and then refused to help with a new time. This is a synthetic demo record created for the public portfolio dataset. Case reference DEMO-0925.,2026-03-06,service_quality
DEMO-CMP-0926,Demo Citizen 0926,+961 00 000926,Mount Lebanon,Demo Hotel Resort 118,The vendor appears unlicensed and is operating from a temporary stand without a permit. Synthetic demo case for testing the complaint-triage prototype. Case reference DEMO-0926.,2025-07-02,licensing
DEMO-CMP-0927,Demo Citizen 0927,+961 00 000927,South Lebanon,Demo Restaurant 098,"The restroom and dining area were dirty, with overflowing waste and a strong bad smell. Staff ignored my complaint. This record is fictional and included only for software demonstration. Case reference DEMO-0927.",2026-06-19,hygiene
DEMO-CMP-0928,Demo Citizen 0928,+961 00 000928,Mount Lebanon,Demo Street Food Vendor 137,I found broken glass inside the outer packaging of a food product before serving it to my children. I took photos immediately. This is a synthetic demo record created for the public portfolio dataset. Case reference DEMO-0928.,2025-06-02,food_safety
DEMO-CMP-0929,Demo Citizen 0929,+961 00 000929,South Lebanon,Demo Beach Resort 107,I purchased frozen food that was partly warm and the store refrigerator appeared to have no refrigeration. The product smelled spoiled. Synthetic demo case for testing the complaint-triage prototype. Case reference DEMO-0929.,2025-10-05,food_safety
DEMO-CMP-0930,Demo Citizen 0930,+961 00 000930,Beirut,Demo Supermarket 028,The business appears to have no permit for the activity being offered at this location. Synthetic demo case for testing the complaint-triage prototype. Case reference DEMO-0930.,2025-02-14,licensing
DEMO-CMP-0931,Demo Citizen 0931,+961 00 000931,North Lebanon,Demo Catering Delivery 049,The meat I purchased had a chemical smell and looked unsafe. The establishment dismissed my concern and would not cooperate. Synthetic demo case for testing the complaint-triage prototype. Case reference DEMO-0931.,2025-09-04,food_safety
DEMO-CMP-0932,Demo Citizen 0932,+961 00 000932,South Lebanon,Demo Swimming Pool Water Park 126,The refrigerator display was warm and products requiring cooling were stored without proper refrigeration. This is a synthetic demo record created for the public portfolio dataset. Case reference DEMO-0932.,2026-04-19,hygiene
DEMO-CMP-0933,Demo Citizen 0933,+961 00 000933,North Lebanon,Demo Supermarket 054,I saw cockroaches near the counter and the floor was filthy. Food was displayed uncovered beside the affected area. This record is fictional and included only for software demonstration. Case reference DEMO-0933.,2025-11-05,hygiene
DEMO-CMP-0934,Demo Citizen 0934,+961 00 000934,South Lebanon,Demo Hotel Resort 132,A ready-to-eat meal appeared contaminated and caused nausea later that evening. I kept the leftover container as evidence. Synthetic demo case for testing the complaint-triage prototype. Case reference DEMO-0934.,2025-04-04,food_safety
DEMO-CMP-0935,Demo Citizen 0935,+961 00 000935,North Lebanon,Demo Hotel Resort 060,"The restroom and dining area were dirty, with overflowing waste and a strong bad smell. Staff ignored my complaint. This record is fictional and included only for software demonstration. Case reference DEMO-0935.",2025-12-22,hygiene
DEMO-CMP-0936,Demo Citizen 0936,+961 00 000936,South Lebanon,Demo Catering Delivery 139,Several people at our table became sick with diarrhea after eating the same dish. We visited a clinic and kept the receipt. Synthetic demo case for testing the complaint-triage prototype. Case reference DEMO-0936.,2025-04-24,food_safety
DEMO-CMP-0937,Demo Citizen 0937,+961 00 000937,Beirut,Demo Hotel Resort 053,I found broken glass inside the outer packaging of a food product before serving it to my children. I took photos immediately. This record is fictional and included only for software demonstration. Case reference DEMO-0937.,2025-09-08,food_safety
DEMO-CMP-0938,Demo Citizen 0938,+961 00 000938,Beirut,Demo Cosmetics Beauty 056,Employees handled raw meat and ready-to-eat food using the same tools. The preparation surface was visibly dirty. This is a synthetic demo record created for the public portfolio dataset. Case reference DEMO-0938.,2025-12-23,hygiene
DEMO-CMP-0939,Demo Citizen 0939,+961 00 000939,Beirut,Demo Street Food Vendor 058,The establishment displayed no required certificate and staff refused to show any licensing documents. This is a synthetic demo record created for the public portfolio dataset. Case reference DEMO-0939.,2025-06-03,licensing
DEMO-CMP-0940,Demo Citizen 0940,+961 00 000940,Mount Lebanon,Demo Beach Resort 061,The swimming area had murky water and visible algae around the edges. The filter appeared broken. Synthetic demo case for testing the complaint-triage prototype. Case reference DEMO-0940.,2026-02-25,hygiene
DEMO-CMP-0941,Demo Citizen 0941,+961 00 000941,South Lebanon,Demo Hotel Resort 024,The establishment overcharged me compared with the displayed menu price and refused a refund. Synthetic demo case for testing the complaint-triage prototype. Case reference DEMO-0941.,2026-04-19,price_fraud
DEMO-CMP-0942,Demo Citizen 0942,+961 00 000942,Bekaa,Demo Swimming Pool Water Park 027,I waited a long time for assistance and staff repeatedly ignored my request even though the store was not busy. Synthetic demo case for testing the complaint-triage prototype. Case reference DEMO-0942.,2026-06-01,service_quality
DEMO-CMP-0943,Demo Citizen 0943,+961 00 000943,Bekaa,Demo Pharmacy 066,I waited a long time for assistance and staff repeatedly ignored my request even though the store was not busy. Synthetic demo case for testing the complaint-triage prototype. Case reference DEMO-0943.,2025-07-29,service_quality
DEMO-CMP-0944,Demo Citizen 0944,+961 00 000944,Mount Lebanon,Demo Swimming Pool Water Park 068,Employees handled raw meat and ready-to-eat food using the same tools. The preparation surface was visibly dirty. Synthetic demo case for testing the complaint-triage prototype. Case reference DEMO-0944.,2026-07-21,hygiene
DEMO-CMP-0945,Demo Citizen 0945,+961 00 000945,Mount Lebanon,Demo Petrol Station 075,The swimming area had murky water and visible algae around the edges. The filter appeared broken. Synthetic demo case for testing the complaint-triage prototype. Case reference DEMO-0945.,2026-01-06,hygiene
DEMO-CMP-0946,Demo Citizen 0946,+961 00 000946,Bekaa,Demo Butchery 012,The operator refused to show a license or certificate and told me the documents were not available. Synthetic demo case for testing the complaint-triage prototype. Case reference DEMO-0946.,2026-05-09,licensing
DEMO-CMP-0947,Demo Citizen 0947,+961 00 000947,Beirut,Demo Restaurant 083,I received the wrong item and the employee became aggressive when I politely requested an exchange. This record is fictional and included only for software demonstration. Case reference DEMO-0947.,2025-03-12,service_quality
DEMO-CMP-0948,Demo Citizen 0948,+961 00 000948,Beirut,Demo Pharmacy 085,I purchased frozen food that was partly warm and the store refrigerator appeared to have no refrigeration. The product smelled spoiled. Synthetic demo case for testing the complaint-triage prototype. Case reference DEMO-0948.,2025-08-22,food_safety
DEMO-CMP-0949,Demo Citizen 0949,+961 00 000949,Beirut,Demo Restaurant 086,The food preparation area looked dirty and I saw flies around uncovered food. Staff were handling raw meat without gloves. This record is fictional and included only for software demonstration. Case reference DEMO-0949.,2026-02-08,hygiene
DEMO-CMP-0950,Demo Citizen 0950,+961 00 000950,Mount Lebanon,Demo Supermarket 087,I noticed a strong sewage smell and dirty standing water close to the food service area. This record is fictional and included only for software demonstration. Case reference DEMO-0950.,2025-02-20,hygiene
DEMO-CMP-0951,Demo Citizen 0951,+961 00 000951,South Lebanon,Demo Pharmacy 077,A ready-to-eat meal appeared contaminated and caused nausea later that evening. I kept the leftover container as evidence. This is a synthetic demo record created for the public portfolio dataset. Case reference DEMO-0951.,2025-01-13,food_safety
DEMO-CMP-0952,Demo Citizen 0952,+961 00 000952,Bekaa,Demo Restaurant 141,A product was marketed with a misleading promotion and the final price was much higher than advertised. Synthetic demo case for testing the complaint-triage prototype. Case reference DEMO-0952.,2025-01-16,price_fraud
DEMO-CMP-0953,Demo Citizen 0953,+961 00 000953,Beirut,Demo Catering Delivery 097,The delivery arrived much later than promised and customer service would not cooperate when I asked for an update. This is a synthetic demo record created for the public portfolio dataset. Case reference DEMO-0953.,2026-05-24,service_quality
DEMO-CMP-0954,Demo Citizen 0954,+961 00 000954,Beirut,Demo Supermarket 099,Employees handled raw meat and ready-to-eat food using the same tools. The preparation surface was visibly dirty. This record is fictional and included only for software demonstration. Case reference DEMO-0954.,2026-06-11,hygiene
DEMO-CMP-0955,Demo Citizen 0955,+961 00 000955,South Lebanon,Demo Beach Resort 107,I noticed a strong sewage smell and dirty standing water close to the food service area. This is a synthetic demo record created for the public portfolio dataset. Case reference DEMO-0955.,2026-07-23,hygiene
DEMO-CMP-0956,Demo Citizen 0956,+961 00 000956,Mount Lebanon,Demo Beach Resort 111,The service counter closed early without notice and staff refused to help customers who were already waiting. This is a synthetic demo record created for the public portfolio dataset. Case reference DEMO-0956.,2025-12-12,service_quality
DEMO-CMP-0957,Demo Citizen 0957,+961 00 000957,South Lebanon,Demo Beach Resort 109,The package weight printed on the label did not match the actual amount. I have photos and the receipt. This record is fictional and included only for software demonstration. Case reference DEMO-0957.,2025-08-09,price_fraud
DEMO-CMP-0958,Demo Citizen 0958,+961 00 000958,Mount Lebanon,Demo Hotel Resort 118,I asked to see the health permit and was told there was no certificate available at the location. Synthetic demo case for testing the complaint-triage prototype. Case reference DEMO-0958.,2026-06-19,licensing
DEMO-CMP-0959,Demo Citizen 0959,+961 00 000959,Bekaa,Demo Restaurant 141,There is no visible health permit and employees could not confirm that the establishment is licensed. This record is fictional and included only for software demonstration. Case reference DEMO-0959.,2025-01-11,licensing
DEMO-CMP-0960,Demo Citizen 0960,+961 00 000960,Beirut,Demo Clothing Fashion 113,I received the wrong item and the employee became aggressive when I politely requested an exchange. This record is fictional and included only for software demonstration. Case reference DEMO-0960.,2026-05-16,service_quality
DEMO-CMP-0961,Demo Citizen 0961,+961 00 000961,Bekaa,Demo Catering Delivery 020,The delivery arrived much later than promised and customer service would not cooperate when I asked for an update. This is a synthetic demo record created for the public portfolio dataset. Case reference DEMO-0961.,2026-07-17,service_quality
DEMO-CMP-0962,Demo Citizen 0962,+961 00 000962,Mount Lebanon,Demo Beach Resort 004,I waited a long time for assistance and staff repeatedly ignored my request even though the store was not busy. This is a synthetic demo record created for the public portfolio dataset. Case reference DEMO-0962.,2025-08-26,service_quality
DEMO-CMP-0963,Demo Citizen 0963,+961 00 000963,Beirut,Demo Catering Delivery 117,The cooked chicken I received was pink chicken in the center and seemed unsafe. I took photos and asked the staff for help. Synthetic demo case for testing the complaint-triage prototype. Case reference DEMO-0963.,2025-10-31,food_safety
DEMO-CMP-0964,Demo Citizen 0964,+961 00 000964,Mount Lebanon,Demo Restaurant 019,The service is being offered without a license and there is no visible permit or registration information. This record is fictional and included only for software demonstration. Case reference DEMO-0964.,2026-06-30,licensing
DEMO-CMP-0965,Demo Citizen 0965,+961 00 000965,Beirut,Demo Sweets Bakery 120,The shelf showed one price but I was charged a higher price at checkout. I kept the receipt showing the price mismatch. This is a synthetic demo record created for the public portfolio dataset. Case reference DEMO-0965.,2025-05-11,price_fraud
DEMO-CMP-0966,Demo Citizen 0966,+961 00 000966,Beirut,Demo Restaurant 121,The establishment displayed no required certificate and staff refused to show any licensing documents. This record is fictional and included only for software demonstration. Case reference DEMO-0966.,2026-06-02,licensing
DEMO-CMP-0967,Demo Citizen 0967,+961 00 000967,Beirut,Demo Restaurant 122,"The preparation counter had grease, old food residue, and insects. Staff refused to clean it after customers complained. Synthetic demo case for testing the complaint-triage prototype. Case reference DEMO-0967.",2025-05-14,hygiene
DEMO-CMP-0968,Demo Citizen 0968,+961 00 000968,Beirut,Demo Sweets Bakery 125,Food trays were left uncovered for a long period with flies nearby. No gloves were used while serving. Synthetic demo case for testing the complaint-triage prototype. Case reference DEMO-0968.,2026-01-31,hygiene
DEMO-CMP-0969,Demo Citizen 0969,+961 00 000969,Beirut,Demo Supermarket 127,The food preparation area looked dirty and I saw flies around uncovered food. Staff were handling raw meat without gloves. This record is fictional and included only for software demonstration. Case reference DEMO-0969.,2025-06-19,hygiene
DEMO-CMP-0970,Demo Citizen 0970,+961 00 000970,Bekaa,Demo Swimming Pool Water Park 027,The refrigerator display was warm and products requiring cooling were stored without proper refrigeration. This record is fictional and included only for software demonstration. Case reference DEMO-0970.,2025-04-09,hygiene
DEMO-CMP-0971,Demo Citizen 0971,+961 00 000971,Mount Lebanon,Demo Petrol Station 045,"After eating a prepared chicken meal, I developed vomiting and stomach cramps. My family had similar symptoms and a doctor said it could be food poisoning. This record is fictional and included only for software demonstration. Case reference DEMO-0971.",2025-06-12,food_safety
DEMO-CMP-0972,Demo Citizen 0972,+961 00 000972,Mount Lebanon,Demo Beach Resort 061,The package weight printed on the label did not match the actual amount. I have photos and the receipt. Synthetic demo case for testing the complaint-triage prototype. Case reference DEMO-0972.,2026-04-21,price_fraud
DEMO-CMP-0973,Demo Citizen 0973,+961 00 000973,North Lebanon,Demo Restaurant 038,The establishment cancelled my reservation without informing me and then refused to help with a new time. This record is fictional and included only for software demonstration. Case reference DEMO-0973.,2025-02-03,service_quality
DEMO-CMP-0974,Demo Citizen 0974,+961 00 000974,North Lebanon,Demo Petrol Station 047,The business appears to have no permit for the activity being offered at this location. This is a synthetic demo record created for the public portfolio dataset. Case reference DEMO-0974.,2025-08-17,licensing
DEMO-CMP-0975,Demo Citizen 0975,+961 00 000975,Mount Lebanon,Demo Butchery 067,The item was advertised at a discount but the final bill included the full price and a hidden fee. This is a synthetic demo record created for the public portfolio dataset. Case reference DEMO-0975.,2026-03-11,price_fraud
DEMO-CMP-0976,Demo Citizen 0976,+961 00 000976,North Lebanon,Demo Butchery 051,I found broken glass inside the outer packaging of a food product before serving it to my children. I took photos immediately. Synthetic demo case for testing the complaint-triage prototype. Case reference DEMO-0976.,2025-07-05,food_safety
DEMO-CMP-0977,Demo Citizen 0977,+961 00 000977,North Lebanon,Demo Supermarket 054,The establishment cancelled my reservation without informing me and then refused to help with a new time. This record is fictional and included only for software demonstration. Case reference DEMO-0977.,2026-03-18,service_quality
DEMO-CMP-0978,Demo Citizen 0978,+961 00 000978,South Lebanon,Demo Swimming Pool Water Park 092,The vendor appears unlicensed and is operating from a temporary stand without a permit. Synthetic demo case for testing the complaint-triage prototype. Case reference DEMO-0978.,2025-05-23,licensing
DEMO-CMP-0979,Demo Citizen 0979,+961 00 000979,Beirut,Demo Supermarket 014,A ready-to-eat meal appeared contaminated and caused nausea later that evening. I kept the leftover container as evidence. This is a synthetic demo record created for the public portfolio dataset. Case reference DEMO-0979.,2026-07-07,food_safety
DEMO-CMP-0980,Demo Citizen 0980,+961 00 000980,Mount Lebanon,Demo Beach Resort 081,I paid for one kilogram of goods but my home scale showed a short weight. The receipt lists the full kilogram price. Synthetic demo case for testing the complaint-triage prototype. Case reference DEMO-0980.,2026-04-01,price_fraud
DEMO-CMP-0981,Demo Citizen 0981,+961 00 000981,South Lebanon,Demo Beach Resort 107,There is no visible health permit and employees could not confirm that the establishment is licensed. This is a synthetic demo record created for the public portfolio dataset. Case reference DEMO-0981.,2025-02-21,licensing
DEMO-CMP-0982,Demo Citizen 0982,+961 00 000982,Mount Lebanon,Demo Supermarket 087,I waited a long time for assistance and staff repeatedly ignored my request even though the store was not busy. This is a synthetic demo record created for the public portfolio dataset. Case reference DEMO-0982.,2026-07-03,service_quality
DEMO-CMP-0983,Demo Citizen 0983,+961 00 000983,Beirut,Demo Butchery 025,I asked to see the health permit and was told there was no certificate available at the location. This record is fictional and included only for software demonstration. Case reference DEMO-0983.,2025-08-17,licensing
DEMO-CMP-0984,Demo Citizen 0984,+961 00 000984,South Lebanon,Demo Swimming Pool Water Park 126,My order was incomplete and staff refused to help when I reported the missing item. This record is fictional and included only for software demonstration. Case reference DEMO-0984.,2026-04-24,service_quality
DEMO-CMP-0985,Demo Citizen 0985,+961 00 000985,South Lebanon,Demo Hotel Resort 130,The service is being offered without a license and there is no visible permit or registration information. This is a synthetic demo record created for the public portfolio dataset. Case reference DEMO-0985.,2025-05-19,licensing
DEMO-CMP-0986,Demo Citizen 0986,+961 00 000986,Beirut,Demo Supermarket 033,The service is being offered without a license and there is no visible permit or registration information. This record is fictional and included only for software demonstration. Case reference DEMO-0986.,2025-12-30,licensing
DEMO-CMP-0987,Demo Citizen 0987,+961 00 000987,South Lebanon,Demo Supermarket 135,A refrigerated product was still on the shelf past its expiry date. The package was bloated and had a bad smell when opened. This record is fictional and included only for software demonstration. Case reference DEMO-0987.,2025-06-23,food_safety
DEMO-CMP-0988,Demo Citizen 0988,+961 00 000988,North Lebanon,Demo Restaurant 136,The staff provided conflicting information and ignored repeated requests to speak with a supervisor. This record is fictional and included only for software demonstration. Case reference DEMO-0988.,2026-05-31,service_quality
DEMO-CMP-0989,Demo Citizen 0989,+961 00 000989,Mount Lebanon,Demo Restaurant 114,I received the wrong item and the employee became aggressive when I politely requested an exchange. This is a synthetic demo record created for the public portfolio dataset. Case reference DEMO-0989.,2026-07-13,service_quality
DEMO-CMP-0990,Demo Citizen 0990,+961 00 000990,Beirut,Demo Restaurant 050,I believe the product was counterfeit because the packaging and label did not match the item advertised. I kept the receipt. Synthetic demo case for testing the complaint-triage prototype. Case reference DEMO-0990.,2026-04-30,price_fraud
DEMO-CMP-0991,Demo Citizen 0991,+961 00 000991,Beirut,Demo Hotel Resort 053,I paid for one kilogram of goods but my home scale showed a short weight. The receipt lists the full kilogram price. This record is fictional and included only for software demonstration. Case reference DEMO-0991.,2025-08-01,price_fraud
DEMO-CMP-0992,Demo Citizen 0992,+961 00 000992,Beirut,Demo Cosmetics Beauty 056,The meat I purchased had a chemical smell and looked unsafe. The establishment dismissed my concern and would not cooperate. This is a synthetic demo record created for the public portfolio dataset. Case reference DEMO-0992.,2025-05-19,food_safety
DEMO-CMP-0993,Demo Citizen 0993,+961 00 000993,Mount Lebanon,Demo Restaurant 001,I purchased frozen food that was partly warm and the store refrigerator appeared to have no refrigeration. The product smelled spoiled. Synthetic demo case for testing the complaint-triage prototype. Case reference DEMO-0993.,2025-09-01,food_safety
DEMO-CMP-0994,Demo Citizen 0994,+961 00 000994,South Lebanon,Demo Street Food Vendor 036,"After eating a prepared chicken meal, I developed vomiting and stomach cramps. My family had similar symptoms and a doctor said it could be food poisoning. This record is fictional and included only for software demonstration. Case reference DEMO-0994.",2025-10-01,food_safety
DEMO-CMP-0995,Demo Citizen 0995,+961 00 000995,Mount Lebanon,Demo Catering Delivery 006,I saw cockroaches near the counter and the floor was filthy. Food was displayed uncovered beside the affected area. This record is fictional and included only for software demonstration. Case reference DEMO-0995.,2025-08-11,hygiene
DEMO-CMP-0996,Demo Citizen 0996,+961 00 000996,Bekaa,Demo Catering Delivery 020,I booked a service appointment but no one was available at the scheduled time and the staff ignored my complaint. Synthetic demo case for testing the complaint-triage prototype. Case reference DEMO-0996.,2025-01-06,service_quality
DEMO-CMP-0997,Demo Citizen 0997,+961 00 000997,Beirut,Demo Swimming Pool Water Park 070,Food trays were left uncovered for a long period with flies nearby. No gloves were used while serving. This record is fictional and included only for software demonstration. Case reference DEMO-0997.,2025-05-12,hygiene
DEMO-CMP-0998,Demo Citizen 0998,+961 00 000998,Bekaa,Demo Swimming Pool Water Park 027,The meat I purchased had a chemical smell and looked unsafe. The establishment dismissed my concern and would not cooperate. This is a synthetic demo record created for the public portfolio dataset. Case reference DEMO-0998.,2026-05-16,food_safety
DEMO-CMP-0999,Demo Citizen 0999,+961 00 000999,Beirut,Demo Butchery 073,The business appears to be operating without a license. Staff could not show a permit when I asked. Synthetic demo case for testing the complaint-triage prototype. Case reference DEMO-0999.,2026-03-07,licensing
DEMO-CMP-1000,Demo Citizen 1000,+961 00 001000,South Lebanon,Demo Restaurant 057,"I asked for the required operating certificate, but the manager said it was missing and dismissed my concern. This record is fictional and included only for software demonstration. Case reference DEMO-1000.",2025-10-15,licensing
